"gene_accession_id","disease_id"
"MGI:107177","DOID:0112248"
"MGI:2445096","DOID:0111453"
"MGI:2686271","DOID:0110004"
"MGI:2447813","DOID:0110001"
"MGI:3622477","DOID:14221"
"MGI:104663","DOID:14221"
"MGI:1926609","DOID:14221"
"MGI:5828147","DOID:14221"
"MGI:88476","DOID:0050711"
"MGI:96794","DOID:9164"
"MGI:97360","DOID:9164"
"MGI:1345138","DOID:9164"
"MGI:1861746","DOID:0050603"
"MGI:1924393","DOID:0080054"
"MGI:88452","DOID:0080056"
"MGI:2150019","DOID:4480"
"MGI:2181550","DOID:4480"
"MGI:97800","DOID:4480"
"MGI:99602","DOID:4480"
"MGI:95524","DOID:4480"
"MGI:2388108","DOID:4480"
"MGI:97369","DOID:4480"
"MGI:97372","DOID:4480"
"MGI:1341818","DOID:0110007"
"MGI:1353562","DOID:0110008"
"MGI:95779","DOID:0110010"
"MGI:1926157","DOID:0110009"
"MGI:1098239","DOID:9250"
"MGI:95523","DOID:12960"
"MGI:1919277","DOID:0050605"
"MGI:104878","DOID:14669"
"MGI:95688","DOID:0080052"
"MGI:95688","DOID:0080051"
"MGI:97372","DOID:0080050"
"MGI:5805517","DOID:7004"
"MGI:96112","DOID:3890"
"MGI:3822839","DOID:12603"
"MGI:96995","DOID:9952"
"MGI:4889197","DOID:9952"
"MGI:102811","DOID:9952"
"MGI:99460","DOID:9952"
"MGI:5788538","DOID:9952"
"MGI:4843438","DOID:9952"
"MGI:109583","DOID:9952"
"MGI:107940","DOID:9952"
"MGI:99480","DOID:9119"
"MGI:5558102","DOID:9119"
"MGI:2444354","DOID:9119"
"MGI:6315192","DOID:9119"
"MGI:96995","DOID:9119"
"MGI:5548207","DOID:9119"
"MGI:98282","DOID:9119"
"MGI:101785","DOID:9119"
"MGI:2684063","DOID:9119"
"MGI:95559","DOID:9119"
"MGI:1098280","DOID:9119"
"MGI:5306984","DOID:0060318"
"MGI:2673324","DOID:0060318"
"MGI:1859388","DOID:0060227"
"MGI:88061","DOID:0060350"
"MGI:87916","DOID:5810"
"MGI:2683065","DOID:5810"
"MGI:1891158","DOID:0080150"
"MGI:1349215","DOID:10588"
"MGI:87983","DOID:0110913"
"MGI:88516","DOID:0080093"
"MGI:6103871","DOID:0080093"
"MGI:5468018","DOID:0080093"
"MGI:3837441","DOID:0110011"
"MGI:1195265","DOID:0110011"
"MGI:3837570","DOID:0110012"
"MGI:3837571","DOID:0110012"
"MGI:2135960","DOID:0090003"
"MGI:98935","DOID:0110014"
"MGI:3575688","DOID:0110014"
"MGI:88518","DOID:0110014"
"MGI:1333815","DOID:0110024"
"MGI:88385","DOID:0110017"
"MGI:1926321","DOID:1474"
"MGI:1336209","DOID:0060341"
"MGI:1347465","DOID:0060341"
"MGI:1328317","DOID:0050629"
"MGI:1889575","DOID:0050629"
"MGI:1916330","DOID:0112321"
"MGI:1095416","DOID:9245"
"MGI:1927073","DOID:0050741"
"MGI:3581786","DOID:4252"
"MGI:95697","DOID:4252"
"MGI:3809242","DOID:4252"
"MGI:3581778","DOID:4252"
"MGI:96078","DOID:9270"
"MGI:1203732","DOID:0050631"
"MGI:2385321","DOID:986"
"MGI:96223","DOID:0050634"
"MGI:98376","DOID:13372"
"MGI:3847800","DOID:13372"
"MGI:107173","DOID:0060601"
"MGI:107286","DOID:3413"
"MGI:1098273","DOID:0060602"
"MGI:96014","DOID:1099"
"MGI:103067","DOID:0110030"
"MGI:1934606","DOID:0050473"
"MGI:88107","DOID:0050635"
"MGI:3693363","DOID:0110042"
"MGI:3693207","DOID:0110042"
"MGI:1202717","DOID:0110042"
"MGI:3618598","DOID:0110042"
"MGI:3525178","DOID:0110042"
"MGI:2448606","DOID:0110040"
"MGI:96678","DOID:0111060"
"MGI:1353466","DOID:0110060"
"MGI:3583957","DOID:0110061"
"MGI:1333772","DOID:0110052"
"MGI:88005","DOID:0110058"
"MGI:3716187","DOID:0110058"
"MGI:2443373","DOID:0111722"
"MGI:4849841","DOID:0060193"
"MGI:5621056","DOID:0060193"
"MGI:4452507","DOID:0060193"
"MGI:2388294","DOID:0060193"
"MGI:3793783","DOID:0060193"
"MGI:2183652","DOID:0060193"
"MGI:5449891","DOID:0060193"
"MGI:5630055","DOID:0060193"
"MGI:1298397","DOID:0060193"
"MGI:2388309","DOID:0060193"
"MGI:2178798","DOID:0060193"
"MGI:2388308","DOID:0060193"
"MGI:2388295","DOID:0060193"
"MGI:2388297","DOID:0060193"
"MGI:2388296","DOID:0060193"
"MGI:5621171","DOID:0060193"
"MGI:2183553","DOID:0060193"
"MGI:3785089","DOID:0060193"
"MGI:5449419","DOID:0060193"
"MGI:98351","DOID:0060193"
"MGI:98352","DOID:0060193"
"MGI:5499105","DOID:0060193"
"MGI:4440538","DOID:0060193"
"MGI:5699309","DOID:0060193"
"MGI:5699311","DOID:0060193"
"MGI:5308397","DOID:0060193"
"MGI:5621060","DOID:0060193"
"MGI:5286584","DOID:0060193"
"MGI:5448545","DOID:0060193"
"MGI:3629225","DOID:0060193"
"MGI:5297586","DOID:0060193"
"MGI:5575974","DOID:0060193"
"MGI:103178","DOID:0060193"
"MGI:3573957","DOID:0060193"
"MGI:3573959","DOID:0060193"
"MGI:3573960","DOID:0060193"
"MGI:4843142","DOID:0060193"
"MGI:2183653","DOID:0060193"
"MGI:5000262","DOID:0060201"
"MGI:5922012","DOID:0060201"
"MGI:5559587","DOID:0060201"
"MGI:5476818","DOID:0060201"
"MGI:5476817","DOID:0060201"
"MGI:5476814","DOID:0060201"
"MGI:5463118","DOID:0060201"
"MGI:2387629","DOID:0060201"
"MGI:5310798","DOID:0060201"
"MGI:5002478","DOID:0060201"
"MGI:5000263","DOID:0060201"
"MGI:4839652","DOID:0060201"
"MGI:4839651","DOID:0060201"
"MGI:4438487","DOID:0060201"
"MGI:4438486","DOID:0060201"
"MGI:4358721","DOID:0060201"
"MGI:5829049","DOID:0060206"
"MGI:5896607","DOID:0060206"
"MGI:1298379","DOID:0060212"
"MGI:108481","DOID:0080225"
"MGI:2443480","DOID:0060196"
"MGI:6881753","DOID:0060196"
"MGI:5644689","DOID:0060198"
"MGI:5644688","DOID:0060198"
"MGI:1353633","DOID:0060198"
"MGI:5577177","DOID:0060198"
"MGI:5618416","DOID:0060198"
"MGI:5445409","DOID:0060198"
"MGI:6476960","DOID:0060198"
"MGI:5544192","DOID:0050752"
"MGI:4818966","DOID:0050801"
"MGI:88064","DOID:4674"
"MGI:95543","DOID:4674"
"MGI:1923799","DOID:0060668"
"MGI:107444","DOID:0060668"
"MGI:109360","DOID:0060668"
"MGI:105098","DOID:1932"
"MGI:4830894","DOID:1932"
"MGI:98347","DOID:1932"
"MGI:1330810","DOID:0090119"
"MGI:1341817","DOID:0060604"
"MGI:88025","DOID:0111700"
"MGI:95683","DOID:0060850"
"MGI:96533","DOID:0060850"
"MGI:88095","DOID:3755"
"MGI:96273","DOID:2030"
"MGI:107656","DOID:12449"
"MGI:1197013","DOID:12449"
"MGI:88084","DOID:14755"
"MGI:88587","DOID:0090122"
"MGI:2450860","DOID:0090122"
"MGI:94876","DOID:0090123"
"MGI:1196466","DOID:0110081"
"MGI:5660495","DOID:0110083"
"MGI:96650","DOID:0110083"
"MGI:6501729","DOID:0110083"
"MGI:105381","DOID:0110074"
"MGI:109611","DOID:0110076"
"MGI:6188928","DOID:0110077"
"MGI:6188927","DOID:0110077"
"MGI:97370","DOID:0050644"
"MGI:1918961","DOID:0050645"
"MGI:107471","DOID:0060688"
"MGI:95392","DOID:0060688"
"MGI:96680","DOID:0060688"
"MGI:1338946","DOID:0060688"
"MGI:4431196","DOID:0060688"
"MGI:104873","DOID:0050461"
"MGI:2146906","DOID:0110085"
"MGI:1915509","DOID:0110086"
"MGI:1915509","DOID:0110087"
"MGI:107736","DOID:0110087"
"MGI:96615","DOID:2841"
"MGI:102672","DOID:2841"
"MGI:5444500","DOID:2841"
"MGI:1888984","DOID:2841"
"MGI:105367","DOID:2841"
"MGI:107202","DOID:12704"
"MGI:96170","DOID:0050682"
"MGI:2181407","DOID:3310"
"MGI:3845900","DOID:3310"
"MGI:5317860","DOID:3310"
"MGI:1855696","DOID:3310"
"MGI:107361","DOID:3310"
"MGI:104741","DOID:3310"
"MGI:1931595","DOID:3310"
"MGI:96556","DOID:3310"
"MGI:1891009","DOID:3310"
"MGI:2143599","DOID:3310"
"MGI:96541","DOID:3310"
"MGI:6330733","DOID:3310"
"MGI:107936","DOID:3310"
"MGI:1920428","DOID:3310"
"MGI:1919163","DOID:3310"
"MGI:1926370","DOID:3310"
"MGI:5564934","DOID:3310"
"MGI:5563690","DOID:3310"
"MGI:5563664","DOID:3310"
"MGI:1261423","DOID:3310"
"MGI:103289","DOID:3310"
"MGI:3850184","DOID:3310"
"MGI:1096335","DOID:3310"
"MGI:1913331","DOID:3310"
"MGI:3621155","DOID:3310"
"MGI:95553","DOID:0110098"
"MGI:98821","DOID:0050649"
"MGI:88613","DOID:0110106"
"MGI:97380","DOID:0110106"
"MGI:3522243","DOID:0110106"
"MGI:4821838","DOID:0110106"
"MGI:95664","DOID:0110107"
"MGI:97350","DOID:0110112"
"MGI:97402","DOID:0060689"
"MGI:96223","DOID:0060689"
"MGI:1930205","DOID:0060689"
"MGI:3584243","DOID:0050651"
"MGI:88180","DOID:0050651"
"MGI:88613","DOID:0050651"
"MGI:3522243","DOID:0050651"
"MGI:2671284","DOID:0050651"
"MGI:2682064","DOID:0050651"
"MGI:1100864","DOID:0050651"
"MGI:4821841","DOID:0050651"
"MGI:1921272","DOID:0050651"
"MGI:2449205","DOID:0050651"
"MGI:8215111","DOID:1094"
"MGI:1928478","DOID:1094"
"MGI:2685233","DOID:1094"
"MGI:1927140","DOID:1094"
"MGI:4452244","DOID:1094"
"MGI:98331","DOID:1094"
"MGI:98475","DOID:1094"
"MGI:1098283","DOID:1094"
"MGI:5529514","DOID:1094"
"MGI:2179277","DOID:1094"
"MGI:2441950","DOID:1094"
"MGI:98743","DOID:1094"
"MGI:94862","DOID:1094"
"MGI:6259172","DOID:1094"
"MGI:101764","DOID:1094"
"MGI:109126","DOID:1094"
"MGI:87891","DOID:1094"
"MGI:1270841","DOID:1094"
"MGI:88424","DOID:1094"
"MGI:88355","DOID:1094"
"MGI:1355272","DOID:1094"
"MGI:88025","DOID:12849"
"MGI:5661470","DOID:417"
"MGI:1920455","DOID:417"
"MGI:1196990","DOID:417"
"MGI:1890220","DOID:417"
"MGI:5317860","DOID:718"
"MGI:1855696","DOID:718"
"MGI:1334462","DOID:0081242"
"MGI:95484","DOID:6688"
"MGI:99255","DOID:6688"
"MGI:1261423","DOID:0110116"
"MGI:1338803","DOID:0050167"
"MGI:1927222","DOID:0060690"
"MGI:5462249","DOID:0060690"
"MGI:5468142","DOID:0060690"
"MGI:109618","DOID:0080720"
"MGI:2135756","DOID:0111206"
"MGI:88462","DOID:0080224"
"MGI:1351351","DOID:0090107"
"MGI:95766","DOID:0090108"
"MGI:5465568","DOID:0050948"
"MGI:1891427","DOID:0050948"
"MGI:1919847","DOID:0070056"
"MGI:1096317","DOID:0070068"
"MGI:1100511","DOID:0070069"
"MGI:1330299","DOID:0070037"
"MGI:5635522","DOID:0060871"
"MGI:95720","DOID:0060871"
"MGI:5767287","DOID:0110305"
"MGI:3843694","DOID:0060684"
"MGI:87891","DOID:0060684"
"MGI:109575","DOID:0110544"
"MGI:88447","DOID:0110545"
"MGI:102523","DOID:0110546"
"MGI:104785","DOID:0110552"
"MGI:3039629","DOID:0110555"
"MGI:1926945","DOID:0110555"
"MGI:2151016","DOID:0110563"
"MGI:2665170","DOID:0110567"
"MGI:2685615","DOID:0110573"
"MGI:2442832","DOID:0110588"
"MGI:1278313","DOID:0110593"
"MGI:1347048","DOID:0110938"
"MGI:3836896","DOID:0111520"
"MGI:3836895","DOID:0111520"
"MGI:2137410","DOID:0111520"
"MGI:99459","DOID:0060855"
"MGI:104687","DOID:0110033"
"MGI:97138","DOID:0110033"
"MGI:104688","DOID:0110033"
"MGI:98730","DOID:0060656"
"MGI:3617850","DOID:0060719"
"MGI:1917311","DOID:0080257"
"MGI:2676312","DOID:0060713"
"MGI:99461","DOID:0060713"
"MGI:1923810","DOID:0060713"
"MGI:1920970","DOID:0060713"
"MGI:99954","DOID:0111064"
"MGI:2140175","DOID:0090105"
"MGI:94910","DOID:0050949"
"MGI:5465568","DOID:0050949"
"MGI:1890380","DOID:0081206"
"MGI:2389008","DOID:0111149"
"MGI:107437","DOID:0110275"
"MGI:1349385","DOID:0110276"
"MGI:1346524","DOID:0110277"
"MGI:894698","DOID:0110278"
"MGI:1346523","DOID:0110279"
"MGI:1346525","DOID:0110280"
"MGI:1330233","DOID:0110281"
"MGI:1917057","DOID:0110282"
"MGI:2447586","DOID:0110299"
"MGI:98864","DOID:0110283"
"MGI:3576659","DOID:0110284"
"MGI:101864","DOID:0110293"
"MGI:1923097","DOID:0110295"
"MGI:1921050","DOID:0050565"
"MGI:103285","DOID:0050565"
"MGI:1289160","DOID:0111640"
"MGI:1890219","DOID:0110467"
"MGI:2153816","DOID:0110471"
"MGI:1919338","DOID:0110473"
"MGI:1202064","DOID:0110474"
"MGI:107588","DOID:0110475"
"MGI:7587715","DOID:0110475"
"MGI:95720","DOID:0110475"
"MGI:104510","DOID:0110477"
"MGI:2149209","DOID:0110480"
"MGI:1891428","DOID:0110481"
"MGI:1349410","DOID:0110486"
"MGI:1860425","DOID:0110487"
"MGI:1261811","DOID:0110488"
"MGI:2183924","DOID:0110489"
"MGI:2682003","DOID:0110490"
"MGI:2442676","DOID:0110491"
"MGI:104785","DOID:0110495"
"MGI:3046339","DOID:0110496"
"MGI:96079","DOID:0110497"
"MGI:2146574","DOID:0110500"
"MGI:1929293","DOID:0110505"
"MGI:2446166","DOID:0110506"
"MGI:2685847","DOID:0110511"
"MGI:3769724","DOID:0110515"
"MGI:99569","DOID:0110519"
"MGI:2151016","DOID:0110520"
"MGI:2443538","DOID:0110523"
"MGI:2139535","DOID:0110526"
"MGI:2445168","DOID:0110533"
"MGI:1891247","DOID:0110535"
"MGI:1352749","DOID:0110537"
"MGI:2685163","DOID:0110942"
"MGI:1350931","DOID:0110942"
"MGI:1100089","DOID:0110943"
"MGI:88269","DOID:0110941"
"MGI:1347048","DOID:0110944"
"MGI:2655574","DOID:0110939"
"MGI:2443207","DOID:0110945"
"MGI:1919232","DOID:0110940"
"MGI:104695","DOID:0060854"
"MGI:104696","DOID:0060854"
"MGI:1347521","DOID:0060764"
"MGI:1916034","DOID:0060764"
"MGI:1931237","DOID:0080060"
"MGI:1351338","DOID:0080062"
"MGI:1891731","DOID:0080029"
"MGI:95813","DOID:0080042"
"MGI:5546358","DOID:0110120"
"MGI:3851132","DOID:0110120"
"MGI:109340","DOID:0110120"
"MGI:96136","DOID:0110120"
"MGI:3851244","DOID:0110120"
"MGI:88180","DOID:0110122"
"MGI:1353500","DOID:0050655"
"MGI:1277215","DOID:0110123"
"MGI:1919019","DOID:0110132"
"MGI:1924066","DOID:0110138"
"MGI:1934860","DOID:0110139"
"MGI:1913610","DOID:0110140"
"MGI:2135267","DOID:0110124"
"MGI:1927136","DOID:0110125"
"MGI:2143311","DOID:0110126"
"MGI:1919819","DOID:0110127"
"MGI:1891836","DOID:0110128"
"MGI:1923510","DOID:0110130"
"MGI:5308011","DOID:9206"
"MGI:95541","DOID:0050476"
"MGI:96968","DOID:0050476"
"MGI:109626","DOID:0050476"
"MGI:103150","DOID:0110142"
"MGI:1927248","DOID:0110143"
"MGI:1930643","DOID:0110144"
"MGI:2153465","DOID:0110145"
"MGI:97851","DOID:0060230"
"MGI:97531","DOID:0060230"
"MGI:2140300","DOID:0060230"
"MGI:95523","DOID:0050660"
"MGI:94909","DOID:9883"
"MGI:104564","DOID:5572"
"MGI:98388","DOID:5572"
"MGI:3655814","DOID:5572"
"MGI:1336181","DOID:14264"
"MGI:1309503","DOID:14264"
"MGI:1333744","DOID:2217"
"MGI:107852","DOID:2217"
"MGI:1346332","DOID:0050662"
"MGI:88175","DOID:3633"
"MGI:96020","DOID:12241"
"MGI:7384456","DOID:12241"
"MGI:96021","DOID:12241"
"MGI:1342771","DOID:12241"
"MGI:88459","DOID:0050663"
"MGI:1338783","DOID:0090106"
"MGI:95675","DOID:0112225"
"MGI:2142763","DOID:0050664"
"MGI:107543","DOID:13608"
"MGI:1347001","DOID:856"
"MGI:1931307","DOID:0050659"
"MGI:5428680","DOID:0111079"
"MGI:2442184","DOID:0050676"
"MGI:1330810","DOID:0080174"
"MGI:5439421","DOID:14778"
"MGI:1349428","DOID:14778"
"MGI:1099438","DOID:12305"
"MGI:1338074","DOID:12305"
"MGI:1915751","DOID:2717"
"MGI:1328362","DOID:2717"
"MGI:1097692","DOID:0050679"
"MGI:1918248","DOID:0050681"
"MGI:1352451","DOID:0112226"
"MGI:97930","DOID:0050683"
"MGI:1315195","DOID:0050684"
"MGI:96533","DOID:0110964"
"MGI:95688","DOID:0110977"
"MGI:95688","DOID:0110965"
"MGI:95688","DOID:0110970"
"MGI:1101355","DOID:0090143"
"MGI:88454","DOID:0090125"
"MGI:1276121","DOID:0090126"
"MGI:3039527","DOID:1612"
"MGI:102709","DOID:1612"
"MGI:104537","DOID:1612"
"MGI:3039528","DOID:1612"
"MGI:88192","DOID:1612"
"MGI:5698355","DOID:1612"
"MGI:5524079","DOID:1612"
"MGI:3511876","DOID:1612"
"MGI:5524143","DOID:1612"
"MGI:5526970","DOID:1612"
"MGI:5527315","DOID:1612"
"MGI:104042","DOID:1612"
"MGI:3513809","DOID:1612"
"MGI:2146156","DOID:1612"
"MGI:3761162","DOID:1612"
"MGI:3621177","DOID:1612"
"MGI:5604886","DOID:1612"
"MGI:5604890","DOID:1612"
"MGI:1890060","DOID:1612"
"MGI:1930203","DOID:1612"
"MGI:3614259","DOID:1612"
"MGI:2179991","DOID:1612"
"MGI:98834","DOID:1612"
"MGI:5524078","DOID:1612"
"MGI:3614258","DOID:1612"
"MGI:3836146","DOID:1612"
"MGI:88039","DOID:1612"
"MGI:5524076","DOID:1612"
"MGI:4361015","DOID:1612"
"MGI:95410","DOID:1612"
"MGI:2679594","DOID:1612"
"MGI:103063","DOID:1612"
"MGI:1328361","DOID:1612"
"MGI:4835245","DOID:1612"
"MGI:98953","DOID:1612"
"MGI:4835246","DOID:1612"
"MGI:5637740","DOID:1612"
"MGI:109337","DOID:1612"
"MGI:4835247","DOID:1612"
"MGI:4835248","DOID:1612"
"MGI:4835249","DOID:1612"
"MGI:4835250","DOID:1612"
"MGI:4835251","DOID:1612"
"MGI:1206581","DOID:1612"
"MGI:4835252","DOID:1612"
"MGI:4835253","DOID:1612"
"MGI:4835254","DOID:1612"
"MGI:4835255","DOID:1612"
"MGI:4835256","DOID:1612"
"MGI:4835257","DOID:1612"
"MGI:4838054","DOID:1612"
"MGI:1352467","DOID:1612"
"MGI:5013908","DOID:1612"
"MGI:96079","DOID:1612"
"MGI:1929640","DOID:1612"
"MGI:5296681","DOID:1612"
"MGI:5524077","DOID:1612"
"MGI:5824242","DOID:1612"
"MGI:5805221","DOID:1612"
"MGI:5428744","DOID:1612"
"MGI:5775595","DOID:1612"
"MGI:5762985","DOID:1612"
"MGI:3040886","DOID:1612"
"MGI:97250","DOID:1612"
"MGI:3040315","DOID:1612"
"MGI:3037894","DOID:1612"
"MGI:3039368","DOID:1612"
"MGI:96969","DOID:1612"
"MGI:3039388","DOID:1612"
"MGI:5432253","DOID:1612"
"MGI:3039532","DOID:1612"
"MGI:2684868","DOID:14775"
"MGI:1347007","DOID:0060231"
"MGI:98251","DOID:0110218"
"MGI:1918882","DOID:0110224"
"MGI:96915","DOID:0060693"
"MGI:96699","DOID:0060877"
"MGI:88590","DOID:11211"
"MGI:98880","DOID:11211"
"MGI:1347466","DOID:11211"
"MGI:97250","DOID:8584"
"MGI:2448238","DOID:8584"
"MGI:2673278","DOID:8584"
"MGI:99460","DOID:0111035"
"MGI:4429554","DOID:0111035"
"MGI:98371","DOID:0050463"
"MGI:104554","DOID:4997"
"MGI:87914","DOID:3613"
"MGI:98352","DOID:3613"
"MGI:891996","DOID:9280"
"MGI:3649059","DOID:0061116"
"MGI:4843140","DOID:0050471"
"MGI:104878","DOID:0050471"
"MGI:1098296","DOID:0090129"
"MGI:99833","DOID:0061098"
"MGI:109611","DOID:0090128"
"MGI:88442","DOID:83"
"MGI:104698","DOID:83"
"MGI:5582276","DOID:83"
"MGI:96399","DOID:83"
"MGI:96305","DOID:83"
"MGI:87872","DOID:83"
"MGI:104990","DOID:83"
"MGI:2152879","DOID:83"
"MGI:2387466","DOID:83"
"MGI:97387","DOID:83"
"MGI:87996","DOID:83"
"MGI:1916380","DOID:83"
"MGI:97490","DOID:83"
"MGI:95391","DOID:83"
"MGI:107542","DOID:83"
"MGI:88525","DOID:83"
"MGI:88521","DOID:83"
"MGI:1336155","DOID:83"
"MGI:88040","DOID:83"
"MGI:88048","DOID:83"
"MGI:88272","DOID:83"
"MGI:98533","DOID:83"
"MGI:1913283","DOID:83"
"MGI:2443101","DOID:83"
"MGI:98266","DOID:83"
"MGI:88518","DOID:0110258"
"MGI:95714","DOID:0110253"
"MGI:96990","DOID:0110251"
"MGI:88516","DOID:0110250"
"MGI:104698","DOID:0110263"
"MGI:3606781","DOID:0110263"
"MGI:99953","DOID:0110231"
"MGI:1298216","DOID:0110240"
"MGI:96909","DOID:0110256"
"MGI:88523","DOID:0110235"
"MGI:88524","DOID:0110235"
"MGI:5313497","DOID:0110235"
"MGI:4365645","DOID:0110248"
"MGI:98932","DOID:0110248"
"MGI:88522","DOID:0110236"
"MGI:88519","DOID:0110269"
"MGI:88524","DOID:0110234"
"MGI:5810680","DOID:0110255"
"MGI:1347058","DOID:0110255"
"MGI:95278","DOID:0110229"
"MGI:88515","DOID:0110266"
"MGI:99685","DOID:0060675"
"MGI:1309469","DOID:0060676"
"MGI:1923605","DOID:0081122"
"MGI:2448730","DOID:0060694"
"MGI:1914724","DOID:0060337"
"MGI:104611","DOID:0081030"
"MGI:2181178","DOID:0112309"
"MGI:1201678","DOID:0111742"
"MGI:2384924","DOID:0060670"
"MGI:1928396","DOID:0060671"
"MGI:2147834","DOID:0050800"
"MGI:98342","DOID:0111248"
"MGI:1914719","DOID:0050729"
"MGI:5285196","DOID:0110163"
"MGI:1338002","DOID:0110167"
"MGI:103147","DOID:0110175"
"MGI:2684789","DOID:0110169"
"MGI:2445096","DOID:0110170"
"MGI:99954","DOID:0110171"
"MGI:1921772","DOID:0110181"
"MGI:2147627","DOID:0110199"
"MGI:103099","DOID:0110203"
"MGI:2388171","DOID:0110148"
"MGI:5817403","DOID:0110148"
"MGI:4819407","DOID:0110148"
"MGI:97631","DOID:0110148"
"MGI:2388307","DOID:0110148"
"MGI:3794527","DOID:0110148"
"MGI:5779545","DOID:0110148"
"MGI:2388151","DOID:0110152"
"MGI:2388150","DOID:0110152"
"MGI:5824050","DOID:0110152"
"MGI:5824051","DOID:0110152"
"MGI:103177","DOID:0110152"
"MGI:2388149","DOID:0110152"
"MGI:1929512","DOID:0110151"
"MGI:5478740","DOID:0110151"
"MGI:97631","DOID:0110153"
"MGI:108426","DOID:0110154"
"MGI:2442230","DOID:0110155"
"MGI:5476532","DOID:0110155"
"MGI:4440921","DOID:0110155"
"MGI:6198712","DOID:0110155"
"MGI:105068","DOID:0110159"
"MGI:96794","DOID:0110156"
"MGI:2449057","DOID:0110164"
"MGI:4819092","DOID:0110165"
"MGI:97313","DOID:0110165"
"MGI:5140990","DOID:0110165"
"MGI:103177","DOID:0050540"
"MGI:5824054","DOID:0050540"
"MGI:5824053","DOID:0050540"
"MGI:97631","DOID:0050540"
"MGI:1924366","DOID:0110191"
"MGI:1921831","DOID:0110190"
"MGI:1925230","DOID:0110194"
"MGI:2444417","DOID:0110183"
"MGI:1341799","DOID:0110186"
"MGI:95296","DOID:0110195"
"MGI:2183747","DOID:0110192"
"MGI:5014373","DOID:0110184"
"MGI:2143585","DOID:0110184"
"MGI:1914703","DOID:0080068"
"MGI:95719","DOID:0110209"
"MGI:2448567","DOID:0050834"
"MGI:98834","DOID:0050834"
"MGI:2444748","DOID:0050834"
"MGI:1337008","DOID:0050946"
"MGI:1354724","DOID:0050946"
"MGI:104672","DOID:0060563"
"MGI:107448","DOID:2935"
"MGI:1346349","DOID:1856"
"MGI:87983","DOID:0110915"
"MGI:97569","DOID:1949"
"MGI:2444681","DOID:0060644"
"MGI:1915720","DOID:0112224"
"MGI:2444304","DOID:0050766"
"MGI:892979","DOID:9821"
"MGI:3038694","DOID:2626"
"MGI:2443511","DOID:0060825"
"MGI:5473819","DOID:0060389"
"MGI:1338938","DOID:0060389"
"MGI:2158505","DOID:0060394"
"MGI:6150621","DOID:0060394"
"MGI:5908014","DOID:0060394"
"MGI:7490276","DOID:0060404"
"MGI:6342924","DOID:0060434"
"MGI:109239","DOID:0060410"
"MGI:1196251","DOID:0060410"
"MGI:2138319","DOID:0060412"
"MGI:6729273","DOID:0060413"
"MGI:2677647","DOID:0060413"
"MGI:5516001","DOID:0060437"
"MGI:2670972","DOID:0060732"
"MGI:5571365","DOID:1040"
"MGI:3841582","DOID:1040"
"MGI:4437007","DOID:1040"
"MGI:4820815","DOID:1040"
"MGI:4850006","DOID:1040"
"MGI:4850028","DOID:1040"
"MGI:5305081","DOID:1040"
"MGI:5315448","DOID:1040"
"MGI:1891700","DOID:8552"
"MGI:893598","DOID:8552"
"MGI:3621056","DOID:8552"
"MGI:3834459","DOID:8552"
"MGI:3834460","DOID:8552"
"MGI:3834478","DOID:8552"
"MGI:107576","DOID:8552"
"MGI:1914167","DOID:8552"
"MGI:1335088","DOID:0060645"
"MGI:99887","DOID:0060357"
"MGI:1913647","DOID:0060357"
"MGI:2653833","DOID:0090029"
"MGI:6110824","DOID:0080313"
"MGI:88180","DOID:0080313"
"MGI:98729","DOID:0110214"
"MGI:88291","DOID:13994"
"MGI:99829","DOID:13994"
"MGI:99851","DOID:13994"
"MGI:107588","DOID:14693"
"MGI:1206581","DOID:0080351"
"MGI:2671601","DOID:11836"
"MGI:97902","DOID:11836"
"MGI:1350931","DOID:11836"
"MGI:3522251","DOID:11836"
"MGI:1921303","DOID:11836"
"MGI:2385368","DOID:11836"
"MGI:94863","DOID:11836"
"MGI:97628","DOID:11836"
"MGI:88415","DOID:11836"
"MGI:107374","DOID:11836"
"MGI:1341070","DOID:11836"
"MGI:104557","DOID:3783"
"MGI:1926129","DOID:0070042"
"MGI:1916380","DOID:0111590"
"MGI:7780154","DOID:12270"
"MGI:97307","DOID:12270"
"MGI:7748783","DOID:12270"
"MGI:7779607","DOID:12270"
"MGI:88039","DOID:9256"
"MGI:103038","DOID:9256"
"MGI:4459071","DOID:9256"
"MGI:97783","DOID:0111330"
"MGI:88227","DOID:8354"
"MGI:101834","DOID:0090138"
"MGI:1920960","DOID:0090132"
"MGI:105980","DOID:0080101"
"MGI:4430103","DOID:0080314"
"MGI:1914407","DOID:0111022"
"MGI:1917285","DOID:0111024"
"MGI:6794091","DOID:0111025"
"MGI:1194883","DOID:0111005"
"MGI:1914421","DOID:0081447"
"MGI:1916202","DOID:0081448"
"MGI:109424","DOID:0111013"
"MGI:5908881","DOID:0111011"
"MGI:105123","DOID:0111011"
"MGI:5908880","DOID:0111011"
"MGI:105376","DOID:0111020"
"MGI:102760","DOID:0050811"
"MGI:88583","DOID:0050811"
"MGI:95526","DOID:2236"
"MGI:97495","DOID:0112359"
"MGI:1353569","DOID:11367"
"MGI:1349216","DOID:0111066"
"MGI:1100882","DOID:0060731"
"MGI:1351209","DOID:0060731"
"MGI:101762","DOID:0060646"
"MGI:104756","DOID:0060646"
"MGI:96828","DOID:3827"
"MGI:104719","DOID:3827"
"MGI:5429771","DOID:3827"
"MGI:1334444","DOID:3827"
"MGI:1098239","DOID:3827"
"MGI:95664","DOID:3827"
"MGI:1315202","DOID:3827"
"MGI:104807","DOID:3827"
"MGI:98369","DOID:3827"
"MGI:98968","DOID:3827"
"MGI:97530","DOID:3827"
"MGI:3576010","DOID:3827"
"MGI:2670972","DOID:3827"
"MGI:1352452","DOID:3827"
"MGI:106653","DOID:0060776"
"MGI:2384966","DOID:0070253"
"MGI:2443301","DOID:0070255"
"MGI:1914762","DOID:0111135"
"MGI:3028849","DOID:0111136"
"MGI:97747","DOID:0111136"
"MGI:1298392","DOID:0111136"
"MGI:1277968","DOID:0111138"
"MGI:1916812","DOID:0112247"
"MGI:2138987","DOID:0060649"
"MGI:2137495","DOID:0112014"
"MGI:99912","DOID:0110636"
"MGI:88461","DOID:0050557"
"MGI:102700","DOID:0110639"
"MGI:96794","DOID:0110640"
"MGI:3584043","DOID:0110668"
"MGI:99422","DOID:0110675"
"MGI:95698","DOID:0110660"
"MGI:1277201","DOID:0110673"
"MGI:5694342","DOID:0110666"
"MGI:87893","DOID:0110666"
"MGI:87894","DOID:0110678"
"MGI:5468689","DOID:0110678"
"MGI:87894","DOID:0110679"
"MGI:1338761","DOID:0110667"
"MGI:88392","DOID:0110671"
"MGI:87961","DOID:0110657"
"MGI:103581","DOID:0110670"
"MGI:99659","DOID:3529"
"MGI:99659","DOID:0080991"
"MGI:95797","DOID:2861"
"MGI:97604","DOID:0111077"
"MGI:2686379","DOID:0111790"
"MGI:107181","DOID:0060296"
"MGI:2448607","DOID:0110870"
"MGI:1351343","DOID:0110865"
"MGI:1330305","DOID:0110867"
"MGI:2384871","DOID:0110868"
"MGI:2443409","DOID:0110869"
"MGI:2685267","DOID:0110864"
"MGI:1859639","DOID:0110871"
"MGI:5441372","DOID:0110862"
"MGI:97914","DOID:0110862"
"MGI:97525","DOID:0110863"
"MGI:5298092","DOID:0060445"
"MGI:94872","DOID:0060445"
"MGI:1202398","DOID:0060287"
"MGI:1913976","DOID:0080505"
"MGI:1339795","DOID:0080507"
"MGI:1917565","DOID:0080509"
"MGI:1100508","DOID:3393"
"MGI:1914047","DOID:0090130"
"MGI:88278","DOID:0090030"
"MGI:103562","DOID:0090140"
"MGI:96224","DOID:0050469"
"MGI:109583","DOID:0050657"
"MGI:102708","DOID:14737"
"MGI:3762247","DOID:2340"
"MGI:1270862","DOID:2340"
"MGI:97169","DOID:2340"
"MGI:1926369","DOID:2340"
"MGI:6257846","DOID:2340"
"MGI:3762248","DOID:2340"
"MGI:1916027","DOID:0112340"
"MGI:97769","DOID:11949"
"MGI:5428332","DOID:11949"
"MGI:3836987","DOID:11949"
"MGI:3785283","DOID:3803"
"MGI:1276118","DOID:2339"
"MGI:95523","DOID:2339"
"MGI:108427","DOID:11383"
"MGI:98917","DOID:13271"
"MGI:1339968","DOID:0090142"
"MGI:88388","DOID:1485"
"MGI:3605470","DOID:1485"
"MGI:104696","DOID:1485"
"MGI:1932872","DOID:1064"
"MGI:1195264","DOID:9266"
"MGI:1353656","DOID:9266"
"MGI:106683","DOID:2785"
"MGI:107201","DOID:2785"
"MGI:1891217","DOID:2785"
"MGI:96748","DOID:0050437"
"MGI:105089","DOID:0090031"
"MGI:1353433","DOID:0050757"
"MGI:3603204","DOID:0111576"
"MGI:4360678","DOID:0060162"
"MGI:4360676","DOID:0060162"
"MGI:3831324","DOID:0060162"
"MGI:3834567","DOID:0060162"
"MGI:3831323","DOID:0060162"
"MGI:99486","DOID:0050699"
"MGI:3828144","DOID:701"
"MGI:2443733","DOID:701"
"MGI:109172","DOID:4154"
"MGI:98968","DOID:3764"
"MGI:5543908","DOID:5117"
"MGI:1890081","DOID:5117"
"MGI:1923275","DOID:0060462"
"MGI:1922004","DOID:0070654"
"MGI:109517","DOID:0050158"
"MGI:1924627","DOID:0080439"
"MGI:2443456","DOID:0080449"
"MGI:95775","DOID:0080450"
"MGI:1278336","DOID:0080467"
"MGI:2442704","DOID:0080435"
"MGI:1926080","DOID:0080349"
"MGI:95823","DOID:0080456"
"MGI:1858195","DOID:0080418"
"MGI:1309503","DOID:0080462"
"MGI:2442233","DOID:0080215"
"MGI:96257","DOID:0060770"
"MGI:3653212","DOID:0060770"
"MGI:106613","DOID:0060770"
"MGI:109448","DOID:0060770"
"MGI:102854","DOID:0111879"
"MGI:1914275","DOID:0111878"
"MGI:892977","DOID:14687"
"MGI:105083","DOID:0060650"
"MGI:1927073","DOID:6652"
"MGI:3798957","DOID:11198"
"MGI:2677647","DOID:11198"
"MGI:107928","DOID:11198"
"MGI:104686","DOID:11198"
"MGI:96175","DOID:11198"
"MGI:98493","DOID:11198"
"MGI:2154244","DOID:11198"
"MGI:2429765","DOID:11198"
"MGI:3702641","DOID:11198"
"MGI:5311363","DOID:11198"
"MGI:3522243","DOID:11198"
"MGI:1313268","DOID:11198"
"MGI:5620178","DOID:11198"
"MGI:2178429","DOID:11198"
"MGI:99604","DOID:11198"
"MGI:5446153","DOID:11198"
"MGI:102949","DOID:11198"
"MGI:104719","DOID:11198"
"MGI:2177178","DOID:11198"
"MGI:103178","DOID:11198"
"MGI:98729","DOID:11198"
"MGI:2442415","DOID:11198"
"MGI:2143886","DOID:0110425"
"MGI:96794","DOID:0110425"
"MGI:5907284","DOID:0110425"
"MGI:1344412","DOID:0110423"
"MGI:5910332","DOID:0110423"
"MGI:1916060","DOID:0110424"
"MGI:4819714","DOID:0110426"
"MGI:5576169","DOID:0110426"
"MGI:104597","DOID:0110426"
"MGI:1920963","DOID:0110447"
"MGI:5800482","DOID:0110433"
"MGI:97255","DOID:0110453"
"MGI:98864","DOID:0110430"
"MGI:1352493","DOID:0110448"
"MGI:94885","DOID:0110431"
"MGI:1346525","DOID:0110436"
"MGI:5911917","DOID:0110436"
"MGI:1330824","DOID:0110449"
"MGI:5905136","DOID:0110439"
"MGI:87905","DOID:0110456"
"MGI:5906237","DOID:0110456"
"MGI:5313498","DOID:0110456"
"MGI:98809","DOID:0110457"
"MGI:5906015","DOID:0110457"
"MGI:5906014","DOID:0110457"
"MGI:6256753","DOID:0110457"
"MGI:1917619","DOID:0081162"
"MGI:2151233","DOID:0070477"
"MGI:1335098","DOID:0060021"
"MGI:95794","DOID:0090144"
"MGI:94864","DOID:0090145"
"MGI:109448","DOID:6406"
"MGI:1101357","DOID:6406"
"MGI:5519054","DOID:14250"
"MGI:3531160","DOID:14250"
"MGI:3814571","DOID:14250"
"MGI:3814566","DOID:14250"
"MGI:3814564","DOID:14250"
"MGI:2178111","DOID:14250"
"MGI:5703853","DOID:14250"
"MGI:3809573","DOID:14250"
"MGI:104215","DOID:14250"
"MGI:5430361","DOID:14250"
"MGI:4367903","DOID:14250"
"MGI:1330299","DOID:14250"
"MGI:3623021","DOID:14250"
"MGI:4867505","DOID:14250"
"MGI:1339998","DOID:0060745"
"MGI:98246","DOID:0080422"
"MGI:2139360","DOID:0060747"
"MGI:104555","DOID:12557"
"MGI:1915674","DOID:12557"
"MGI:97887","DOID:12308"
"MGI:107341","DOID:11723"
"MGI:94909","DOID:11723"
"MGI:5765990","DOID:11723"
"MGI:1194504","DOID:0060484"
"MGI:1338938","DOID:14289"
"MGI:1195272","DOID:0111664"
"MGI:1330810","DOID:0060783"
"MGI:88457","DOID:14720"
"MGI:88458","DOID:14720"
"MGI:109347","DOID:14720"
"MGI:1915775","DOID:12714"
"MGI:1890596","DOID:12714"
"MGI:1934157","DOID:0060641"
"MGI:1921405","DOID:1380"
"MGI:109583","DOID:1380"
"MGI:98834","DOID:1380"
"MGI:1341870","DOID:1380"
"MGI:102567","DOID:0090059"
"MGI:1346317","DOID:0090059"
"MGI:96688","DOID:4644"
"MGI:96702","DOID:0060735"
"MGI:96688","DOID:0060735"
"MGI:1277961","DOID:0060736"
"MGI:1277961","DOID:0090017"
"MGI:96654","DOID:0050989"
"MGI:109482","DOID:0050990"
"MGI:1916267","DOID:0090053"
"MGI:95513","DOID:13270"
"MGI:1347061","DOID:13270"
"MGI:104327","DOID:0080171"
"MGI:5308011","DOID:5041"
"MGI:97362","DOID:10825"
"MGI:109497","DOID:10825"
"MGI:95317","DOID:10825"
"MGI:97249","DOID:2224"
"MGI:5441305","DOID:2224"
"MGI:96629","DOID:2224"
"MGI:5553467","DOID:2224"
"MGI:1913321","DOID:0060640"
"MGI:107448","DOID:13641"
"MGI:106096","DOID:13641"
"MGI:5432015","DOID:0050909"
"MGI:1347344","DOID:14499"
"MGI:88382","DOID:2216"
"MGI:88383","DOID:12134"
"MGI:99481","DOID:2229"
"MGI:1891012","DOID:2231"
"MGI:1921395","DOID:2211"
"MGI:5800482","DOID:0050650"
"MGI:96395","DOID:0060761"
"MGI:2653833","DOID:0090062"
"MGI:3036243","DOID:0090065"
"MGI:5696383","DOID:0090065"
"MGI:3833387","DOID:0050831"
"MGI:1194506","DOID:0050831"
"MGI:1345149","DOID:0111731"
"MGI:103223","DOID:0060474"
"MGI:88106","DOID:0111182"
"MGI:97551","DOID:0110922"
"MGI:1917700","DOID:0110923"
"MGI:1921982","DOID:0110924"
"MGI:96765","DOID:13810"
"MGI:1270854","DOID:0070216"
"MGI:88052","DOID:0111061"
"MGI:1351351","DOID:0060700"
"MGI:1354168","DOID:0090028"
"MGI:96820","DOID:14118"
"MGI:1859396","DOID:2987"
"MGI:97763","DOID:0050547"
"MGI:1861691","DOID:0060748"
"MGI:5306987","DOID:0060748"
"MGI:1341823","DOID:0111095"
"MGI:95480","DOID:0111087"
"MGI:109337","DOID:0111089"
"MGI:2448480","DOID:0111083"
"MGI:1915220","DOID:0090066"
"MGI:106299","DOID:0090066"
"MGI:1277124","DOID:0050464"
"MGI:97769","DOID:0050433"
"MGI:3790484","DOID:0060464"
"MGI:99484","DOID:0060647"
"MGI:3821883","DOID:13374"
"MGI:87911","DOID:13374"
"MGI:5515417","DOID:13374"
"MGI:88180","DOID:13374"
"MGI:95688","DOID:0050790"
"MGI:4353752","DOID:0050637"
"MGI:1890212","DOID:2120"
"MGI:1890773","DOID:0111128"
"MGI:5319633","DOID:0111129"
"MGI:109523","DOID:0111129"
"MGI:5319643","DOID:0111129"
"MGI:5319642","DOID:0111129"
"MGI:1330281","DOID:0112245"
"MGI:98743","DOID:3962"
"MGI:104878","DOID:3962"
"MGI:109583","DOID:3962"
"MGI:5578521","DOID:3962"
"MGI:2685433","DOID:0070531"
"MGI:95564","DOID:0050879"
"MGI:3848935","DOID:0050879"
"MGI:5751856","DOID:0050879"
"MGI:95564","DOID:14261"
"MGI:104621","DOID:0081047"
"MGI:5646620","DOID:9255"
"MGI:2387629","DOID:9255"
"MGI:3621183","DOID:9255"
"MGI:99919","DOID:9255"
"MGI:6286243","DOID:9255"
"MGI:5293608","DOID:9255"
"MGI:6278301","DOID:9255"
"MGI:1916192","DOID:9255"
"MGI:3505723","DOID:9255"
"MGI:1913150","DOID:9255"
"MGI:3793734","DOID:9255"
"MGI:4438487","DOID:9255"
"MGI:4438486","DOID:9255"
"MGI:3603947","DOID:9255"
"MGI:4358721","DOID:9255"
"MGI:3604137","DOID:9255"
"MGI:3813494","DOID:9255"
"MGI:3604138","DOID:9255"
"MGI:3832876","DOID:9255"
"MGI:5749786","DOID:9255"
"MGI:3838540","DOID:9255"
"MGI:3833375","DOID:9255"
"MGI:5703729","DOID:9255"
"MGI:5919945","DOID:0060213"
"MGI:88464","DOID:11555"
"MGI:95593","DOID:14500"
"MGI:98961","DOID:0090067"
"MGI:2179507","DOID:0050559"
"MGI:2385957","DOID:11105"
"MGI:2443225","DOID:0070048"
"MGI:1330810","DOID:8534"
"MGI:96677","DOID:9253"
"MGI:96828","DOID:11044"
"MGI:95665","DOID:0110957"
"MGI:95665","DOID:0110958"
"MGI:1925044","DOID:0111725"
"MGI:95613","DOID:1827"
"MGI:107384","DOID:1827"
"MGI:5491017","DOID:4249"
"MGI:4356191","DOID:4249"
"MGI:97769","DOID:4249"
"MGI:5487543","DOID:4249"
"MGI:5491018","DOID:4249"
"MGI:5491020","DOID:4249"
"MGI:1890619","DOID:0090068"
"MGI:96062","DOID:11119"
"MGI:94862","DOID:11119"
"MGI:2679446","DOID:11119"
"MGI:96969","DOID:11119"
"MGI:3778285","DOID:11119"
"MGI:1917097","DOID:0050450"
"MGI:1858416","DOID:0050450"
"MGI:108114","DOID:0050450"
"MGI:96612","DOID:2219"
"MGI:95755","DOID:0070561"
"MGI:104541","DOID:0111254"
"MGI:1923221","DOID:0112246"
"MGI:106594","DOID:0060363"
"MGI:1202304","DOID:0111037"
"MGI:95607","DOID:2749"
"MGI:1316650","DOID:0081330"
"MGI:95609","DOID:2752"
"MGI:1924809","DOID:2748"
"MGI:1921435","DOID:2750"
"MGI:97578","DOID:0111041"
"MGI:97576","DOID:0111040"
"MGI:97830","DOID:2746"
"MGI:106918","DOID:2746"
"MGI:97829","DOID:2754"
"MGI:97548","DOID:11721"
"MGI:106918","DOID:11721"
"MGI:1351614","DOID:0050579"
"MGI:97305","DOID:3343"
"MGI:95762","DOID:4795"
"MGI:3576659","DOID:0111533"
"MGI:1919570","DOID:0060481"
"MGI:106676","DOID:2907"
"MGI:105953","DOID:2907"
"MGI:3511278","DOID:2907"
"MGI:1914071","DOID:0111455"
"MGI:2448554","DOID:0111044"
"MGI:95729","DOID:14761"
"MGI:105976","DOID:0060832"
"MGI:5310798","DOID:0060672"
"MGI:4830518","DOID:0060672"
"MGI:5476814","DOID:0060672"
"MGI:5476817","DOID:0060672"
"MGI:5476818","DOID:0060672"
"MGI:2387629","DOID:0060672"
"MGI:5002478","DOID:0060672"
"MGI:95832","DOID:0060672"
"MGI:1098221","DOID:0050799"
"MGI:1338803","DOID:12842"
"MGI:101773","DOID:12842"
"MGI:97394","DOID:1415"
"MGI:97364","DOID:2736"
"MGI:96173","DOID:0060739"
"MGI:1921588","DOID:1060"
"MGI:1338758","DOID:0070058"
"MGI:96163","DOID:2352"
"MGI:88127","DOID:2352"
"MGI:109191","DOID:0111029"
"MGI:1916835","DOID:0111027"
"MGI:1933533","DOID:0111032"
"MGI:1354956","DOID:0111030"
"MGI:1315204","DOID:0111028"
"MGI:88384","DOID:12259"
"MGI:5578130","DOID:684"
"MGI:6467539","DOID:684"
"MGI:99421","DOID:684"
"MGI:96692","DOID:684"
"MGI:5437648","DOID:684"
"MGI:1202304","DOID:684"
"MGI:1919815","DOID:684"
"MGI:1927144","DOID:684"
"MGI:1918817","DOID:684"
"MGI:3794549","DOID:684"
"MGI:5544910","DOID:684"
"MGI:3797587","DOID:684"
"MGI:2679153","DOID:684"
"MGI:97569","DOID:684"
"MGI:3810466","DOID:684"
"MGI:97611","DOID:684"
"MGI:3693965","DOID:684"
"MGI:6257843","DOID:684"
"MGI:109583","DOID:684"
"MGI:5755888","DOID:684"
"MGI:5437708","DOID:684"
"MGI:88039","DOID:684"
"MGI:3621047","DOID:684"
"MGI:5661921","DOID:684"
"MGI:97250","DOID:684"
"MGI:1889549","DOID:684"
"MGI:5428912","DOID:684"
"MGI:1352464","DOID:684"
"MGI:5000252","DOID:684"
"MGI:104556","DOID:684"
"MGI:5781012","DOID:684"
"MGI:5811148","DOID:684"
"MGI:4459071","DOID:684"
"MGI:2449975","DOID:684"
"MGI:1347487","DOID:684"
"MGI:3769139","DOID:684"
"MGI:104841","DOID:13269"
"MGI:95401","DOID:2373"
"MGI:95392","DOID:1270"
"MGI:1338946","DOID:1270"
"MGI:1345284","DOID:0050947"
"MGI:108050","DOID:206"
"MGI:894663","DOID:206"
"MGI:97631","DOID:0060843"
"MGI:1339755","DOID:0090120"
"MGI:104627","DOID:0070151"
"MGI:2444989","DOID:0110764"
"MGI:96242","DOID:0110766"
"MGI:1924767","DOID:0110768"
"MGI:97623","DOID:0110773"
"MGI:1098827","DOID:0110782"
"MGI:2443327","DOID:0110786"
"MGI:1858896","DOID:0110792"
"MGI:1924908","DOID:0110800"
"MGI:1919358","DOID:0110806"
"MGI:2385906","DOID:0110816"
"MGI:2149543","DOID:0112341"
"MGI:95402","DOID:0110916"
"MGI:98385","DOID:0110916"
"MGI:87919","DOID:0110916"
"MGI:88024","DOID:0110916"
"MGI:98385","DOID:0110918"
"MGI:109393","DOID:0110919"
"MGI:1861441","DOID:0060539"
"MGI:107734","DOID:0060539"
"MGI:2177763","DOID:0060539"
"MGI:107734","DOID:0060540"
"MGI:1333879","DOID:0060540"
"MGI:2153839","DOID:0060541"
"MGI:2177742","DOID:0060542"
"MGI:2180307","DOID:0060543"
"MGI:2181763","DOID:0060544"
"MGI:2137586","DOID:0060545"
"MGI:2678952","DOID:0060546"
"MGI:1927580","DOID:0060547"
"MGI:2443198","DOID:0111628"
"MGI:5774445","DOID:10487"
"MGI:5755286","DOID:10487"
"MGI:97902","DOID:10487"
"MGI:102720","DOID:10487"
"MGI:96533","DOID:10487"
"MGI:96610","DOID:10487"
"MGI:1338038","DOID:10487"
"MGI:107430","DOID:10487"
"MGI:1100842","DOID:10487"
"MGI:95410","DOID:10487"
"MGI:95285","DOID:10487"
"MGI:101939","DOID:0081168"
"MGI:1926387","DOID:0110877"
"MGI:102764","DOID:0110872"
"MGI:98297","DOID:0110875"
"MGI:106679","DOID:0110878"
"MGI:102541","DOID:0060468"
"MGI:3522251","DOID:0060468"
"MGI:88285","DOID:9263"
"MGI:1344313","DOID:321"
"MGI:2653601","DOID:12858"
"MGI:4438235","DOID:12858"
"MGI:5635148","DOID:12858"
"MGI:3851437","DOID:12858"
"MGI:5635149","DOID:12858"
"MGI:101884","DOID:12858"
"MGI:2445110","DOID:12858"
"MGI:5700343","DOID:12858"
"MGI:3800752","DOID:12858"
"MGI:5304694","DOID:12858"
"MGI:3813480","DOID:12858"
"MGI:6294290","DOID:12858"
"MGI:5432146","DOID:12858"
"MGI:6294289","DOID:12858"
"MGI:5432148","DOID:12858"
"MGI:5575506","DOID:12858"
"MGI:5052378","DOID:12858"
"MGI:5052376","DOID:12858"
"MGI:96067","DOID:12858"
"MGI:3056898","DOID:12858"
"MGI:1919227","DOID:12858"
"MGI:2670664","DOID:12858"
"MGI:3057176","DOID:12858"
"MGI:5569525","DOID:12858"
"MGI:5569522","DOID:12858"
"MGI:5565689","DOID:12858"
"MGI:5897171","DOID:12858"
"MGI:3613512","DOID:12858"
"MGI:4429153","DOID:12858"
"MGI:2653600","DOID:12858"
"MGI:4437301","DOID:12858"
"MGI:5287242","DOID:12858"
"MGI:5052364","DOID:0090104"
"MGI:5052362","DOID:0090104"
"MGI:1922783","DOID:10908"
"MGI:1924832","DOID:10908"
"MGI:1916120","DOID:10908"
"MGI:1922300","DOID:10908"
"MGI:1926051","DOID:10908"
"MGI:1924407","DOID:10908"
"MGI:87918","DOID:10908"
"MGI:98365","DOID:10908"
"MGI:1920831","DOID:10908"
"MGI:2389007","DOID:10908"
"MGI:3644008","DOID:10908"
"MGI:1289263","DOID:10908"
"MGI:105091","DOID:10908"
"MGI:4839367","DOID:10908"
"MGI:2685973","DOID:10908"
"MGI:2449121","DOID:10908"
"MGI:1921622","DOID:10908"
"MGI:1858235","DOID:10908"
"MGI:1921903","DOID:10908"
"MGI:88070","DOID:9278"
"MGI:5086224","DOID:0060696"
"MGI:95747","DOID:0060696"
"MGI:5306913","DOID:0060696"
"MGI:95751","DOID:0060697"
"MGI:105090","DOID:0060698"
"MGI:88285","DOID:9279"
"MGI:5574059","DOID:3261"
"MGI:103038","DOID:3261"
"MGI:107624","DOID:0081450"
"MGI:98250","DOID:14451"
"MGI:2384876","DOID:13543"
"MGI:1351351","DOID:13543"
"MGI:1316736","DOID:13543"
"MGI:894695","DOID:0111063"
"MGI:1101771","DOID:0111063"
"MGI:1100508","DOID:0060569"
"MGI:1352630","DOID:0060569"
"MGI:97255","DOID:0110307"
"MGI:5315306","DOID:0110316"
"MGI:5908891","DOID:0110316"
"MGI:6193976","DOID:0110316"
"MGI:3838171","DOID:0110316"
"MGI:5904625","DOID:0110316"
"MGI:5904626","DOID:0110316"
"MGI:5543403","DOID:0110317"
"MGI:1330824","DOID:0110318"
"MGI:98779","DOID:0110319"
"MGI:3793720","DOID:0110320"
"MGI:3793767","DOID:0110320"
"MGI:97255","DOID:0110320"
"MGI:3793719","DOID:0110320"
"MGI:5581487","DOID:0110322"
"MGI:5581486","DOID:0110322"
"MGI:3693252","DOID:0110308"
"MGI:4819715","DOID:0110308"
"MGI:3693248","DOID:0110308"
"MGI:3692594","DOID:0110308"
"MGI:104597","DOID:0110308"
"MGI:4819717","DOID:0110308"
"MGI:4819713","DOID:0110308"
"MGI:3692454","DOID:0110308"
"MGI:3793484","DOID:0110308"
"MGI:3692591","DOID:0110308"
"MGI:1916060","DOID:0110326"
"MGI:98809","DOID:0110309"
"MGI:5007624","DOID:0110309"
"MGI:5462247","DOID:0110309"
"MGI:102844","DOID:0110310"
"MGI:5908458","DOID:0110310"
"MGI:5908457","DOID:0110310"
"MGI:5909969","DOID:0110310"
"MGI:3841152","DOID:0110312"
"MGI:5909326","DOID:0110313"
"MGI:5909325","DOID:0110313"
"MGI:98783","DOID:0110313"
"MGI:3690008","DOID:0110313"
"MGI:3690007","DOID:0110313"
"MGI:5910499","DOID:0110313"
"MGI:5909256","DOID:0110314"
"MGI:96214","DOID:12638"
"MGI:97360","DOID:12638"
"MGI:95524","DOID:0080041"
"MGI:892968","DOID:0090071"
"MGI:95789","DOID:0090072"
"MGI:2663985","DOID:0090073"
"MGI:95790","DOID:0090078"
"MGI:2148793","DOID:0090074"
"MGI:88294","DOID:14452"
"MGI:98250","DOID:14452"
"MGI:2153060","DOID:0060787"
"MGI:107848","DOID:0060798"
"MGI:2681836","DOID:0060794"
"MGI:95663","DOID:0060878"
"MGI:5438049","DOID:9955"
"MGI:5467352","DOID:9955"
"MGI:5311362","DOID:9955"
"MGI:5446147","DOID:9955"
"MGI:1919782","DOID:9955"
"MGI:5646610","DOID:9955"
"MGI:5311027","DOID:9955"
"MGI:5445348","DOID:9955"
"MGI:97350","DOID:9955"
"MGI:5646601","DOID:9955"
"MGI:6161435","DOID:9955"
"MGI:1920832","DOID:0060858"
"MGI:1861586","DOID:0110710"
"MGI:96223","DOID:0110701"
"MGI:2661061","DOID:0110703"
"MGI:2138281","DOID:1702"
"MGI:102967","DOID:12559"
"MGI:105059","DOID:2986"
"MGI:6313625","DOID:2986"
"MGI:95705","DOID:2986"
"MGI:6313614","DOID:2986"
"MGI:1355317","DOID:2986"
"MGI:2450863","DOID:2986"
"MGI:98919","DOID:2986"
"MGI:3849833","DOID:2986"
"MGI:1344376","DOID:2986"
"MGI:2147913","DOID:0111140"
"MGI:1891436","DOID:0090110"
"MGI:1098211","DOID:0111936"
"MGI:1338071","DOID:0111960"
"MGI:97846","DOID:0112061"
"MGI:1261819","DOID:0090008"
"MGI:1342279","DOID:0060758"
"MGI:3720793","DOID:3429"
"MGI:3720794","DOID:3429"
"MGI:87983","DOID:0110914"
"MGI:97531","DOID:0080109"
"MGI:2429397","DOID:0110892"
"MGI:1924290","DOID:0110885"
"MGI:95772","DOID:0110887"
"MGI:97570","DOID:0110893"
"MGI:4943325","DOID:0110896"
"MGI:2180140","DOID:0110896"
"MGI:4943324","DOID:0110896"
"MGI:99418","DOID:0060603"
"MGI:2679336","DOID:0110213"
"MGI:2444465","DOID:0111717"
"MGI:95709","DOID:0060873"
"MGI:95707","DOID:0060872"
"MGI:1916703","DOID:0060835"
"MGI:2143558","DOID:0081357"
"MGI:96673","DOID:2842"
"MGI:108083","DOID:2842"
"MGI:1277977","DOID:14694"
"MGI:1920942","DOID:0110986"
"MGI:2442760","DOID:0110995"
"MGI:87971","DOID:0110998"
"MGI:1261910","DOID:0080279"
"MGI:2384917","DOID:0111000"
"MGI:1923928","DOID:0111001"
"MGI:1920563","DOID:0111002"
"MGI:99913","DOID:0060737"
"MGI:96605","DOID:0060737"
"MGI:99915","DOID:0060737"
"MGI:99915","DOID:0060738"
"MGI:88450","DOID:0060738"
"MGI:99913","DOID:0060738"
"MGI:99909","DOID:0060738"
"MGI:96613","DOID:0060738"
"MGI:96613","DOID:0060733"
"MGI:97490","DOID:1068"
"MGI:96680","DOID:0050458"
"MGI:97306","DOID:0050458"
"MGI:99511","DOID:0050458"
"MGI:95559","DOID:0050458"
"MGI:1919127","DOID:4890"
"MGI:5473819","DOID:0050787"
"MGI:1338938","DOID:0050787"
"MGI:894293","DOID:0050787"
"MGI:109257","DOID:12376"
"MGI:2682319","DOID:0060473"
"MGI:3045266","DOID:0060911"
"MGI:1891295","DOID:0111456"
"MGI:1924337","DOID:14780"
"MGI:107810","DOID:12934"
"MGI:5308066","DOID:0060161"
"MGI:5000273","DOID:0060161"
"MGI:3767712","DOID:0060161"
"MGI:5000272","DOID:0060161"
"MGI:5000271","DOID:0060161"
"MGI:3793691","DOID:0060161"
"MGI:2142810","DOID:10126"
"MGI:88110","DOID:2734"
"MGI:2443583","DOID:0060472"
"MGI:106927","DOID:0112383"
"MGI:1924933","DOID:0060352"
"MGI:1913299","DOID:0111668"
"MGI:1923969","DOID:0050880"
"MGI:6342923","DOID:0050880"
"MGI:97783","DOID:10587"
"MGI:95636","DOID:10587"
"MGI:1922022","DOID:0060556"
"MGI:2384968","DOID:0050574"
"MGI:1099809","DOID:0050331"
"MGI:6459752","DOID:3534"
"MGI:1341085","DOID:3534"
"MGI:2145264","DOID:3534"
"MGI:88190","DOID:2571"
"MGI:95708","DOID:9521"
"MGI:2385958","DOID:0060869"
"MGI:105123","DOID:0110078"
"MGI:2384917","DOID:0110291"
"MGI:1921273","DOID:0110080"
"MGI:1891259","DOID:0110188"
"MGI:101850","DOID:0081169"
"MGI:98001","DOID:0110016"
"MGI:2144877","DOID:0110331"
"MGI:2148800","DOID:0110332"
"MGI:1923032","DOID:0110215"
"MGI:1932134","DOID:0110329"
"MGI:1194883","DOID:0110333"
"MGI:2136343","DOID:0110079"
"MGI:1913704","DOID:0110005"
"MGI:102495","DOID:705"
"MGI:5690059","DOID:705"
"MGI:894689","DOID:0060480"
"MGI:1914797","DOID:0060480"
"MGI:1917923","DOID:0060480"
"MGI:1344380","DOID:0060480"
"MGI:1277152","DOID:3652"
"MGI:1343135","DOID:3652"
"MGI:98352","DOID:3652"
"MGI:98443","DOID:3652"
"MGI:1913302","DOID:3652"
"MGI:2138334","DOID:0050561"
"MGI:95621","DOID:0050561"
"MGI:1201673","DOID:0060847"
"MGI:96217","DOID:1919"
"MGI:4818885","DOID:0090101"
"MGI:3841168","DOID:0090101"
"MGI:96611","DOID:0110910"
"MGI:1333849","DOID:0110912"
"MGI:2147790","DOID:0110912"
"MGI:5824304","DOID:12217"
"MGI:5806787","DOID:12217"
"MGI:3528948","DOID:12217"
"MGI:5289951","DOID:12217"
"MGI:104696","DOID:0050477"
"MGI:2135593","DOID:0061186"
"MGI:5575888","DOID:0110644"
"MGI:5575887","DOID:0110644"
"MGI:108083","DOID:0110644"
"MGI:98251","DOID:0110646"
"MGI:5523924","DOID:1324"
"MGI:5789331","DOID:1324"
"MGI:5781127","DOID:1324"
"MGI:3040906","DOID:1324"
"MGI:5432253","DOID:1324"
"MGI:96680","DOID:1324"
"MGI:4452495","DOID:1324"
"MGI:3040306","DOID:1324"
"MGI:5806500","DOID:1324"
"MGI:5806501","DOID:1324"
"MGI:4366149","DOID:1324"
"MGI:5705248","DOID:1324"
"MGI:5705247","DOID:1324"
"MGI:3690456","DOID:1324"
"MGI:3834438","DOID:1324"
"MGI:3690072","DOID:1324"
"MGI:5688298","DOID:1324"
"MGI:103557","DOID:1324"
"MGI:3834678","DOID:1324"
"MGI:5661917","DOID:1324"
"MGI:1347487","DOID:1324"
"MGI:6256805","DOID:1324"
"MGI:5449266","DOID:1324"
"MGI:104723","DOID:1324"
"MGI:1274781","DOID:1324"
"MGI:3690073","DOID:1324"
"MGI:5538515","DOID:1324"
"MGI:5526089","DOID:1324"
"MGI:1337120","DOID:0060439"
"MGI:5523234","DOID:1440"
"MGI:1099442","DOID:1440"
"MGI:3838159","DOID:1440"
"MGI:5646298","DOID:1440"
"MGI:3838160","DOID:1440"
"MGI:4940058","DOID:1440"
"MGI:5516450","DOID:1440"
"MGI:5516449","DOID:1440"
"MGI:4822569","DOID:1440"
"MGI:5516461","DOID:1440"
"MGI:4429400","DOID:1440"
"MGI:109583","DOID:0060867"
"MGI:99572","DOID:0112306"
"MGI:2142523","DOID:1470"
"MGI:88268","DOID:1470"
"MGI:99675","DOID:1470"
"MGI:1930923","DOID:0060862"
"MGI:105923","DOID:0060365"
"MGI:2442111","DOID:9269"
"MGI:1276534","DOID:9269"
"MGI:88137","DOID:9269"
"MGI:105386","DOID:9269"
"MGI:95489","DOID:14323"
"MGI:1918961","DOID:14323"
"MGI:7329774","DOID:0081075"
"MGI:2686934","DOID:0081075"
"MGI:96721","DOID:0060246"
"MGI:4942355","DOID:350"
"MGI:96677","DOID:350"
"MGI:4942354","DOID:350"
"MGI:4942356","DOID:350"
"MGI:106403","DOID:0060245"
"MGI:109128","DOID:0111099"
"MGI:1270854","DOID:0111100"
"MGI:4942178","DOID:0111102"
"MGI:3603404","DOID:0111102"
"MGI:98504","DOID:0111102"
"MGI:102851","DOID:0111103"
"MGI:4367597","DOID:1858"
"MGI:5883013","DOID:1858"
"MGI:5883022","DOID:1858"
"MGI:87867","DOID:0080153"
"MGI:5570745","DOID:0050902"
"MGI:107656","DOID:0050902"
"MGI:4355870","DOID:0050902"
"MGI:5447066","DOID:0050902"
"MGI:3830736","DOID:0050902"
"MGI:108075","DOID:0050902"
"MGI:3819431","DOID:0050902"
"MGI:105373","DOID:0050902"
"MGI:1328313","DOID:0110632"
"MGI:1861901","DOID:0111403"
"MGI:104589","DOID:0060610"
"MGI:88398","DOID:0060610"
"MGI:2135671","DOID:0060610"
"MGI:2157910","DOID:0080316"
"MGI:3695125","DOID:1595"
"MGI:1316740","DOID:1595"
"MGI:1261831","DOID:1595"
"MGI:2651811","DOID:1595"
"MGI:2447658","DOID:1595"
"MGI:102482","DOID:3687"
"MGI:1855696","DOID:2920"
"MGI:3850494","DOID:2920"
"MGI:88227","DOID:2920"
"MGI:88385","DOID:2920"
"MGI:96817","DOID:1838"
"MGI:99400","DOID:1838"
"MGI:2151796","DOID:0080208"
"MGI:104663","DOID:0080208"
"MGI:2444680","DOID:0080208"
"MGI:3644953","DOID:0080208"
"MGI:1858305","DOID:0080208"
"MGI:3028849","DOID:0080208"
"MGI:2653833","DOID:0080208"
"MGI:1913746","DOID:0080208"
"MGI:2446134","DOID:0080208"
"MGI:104993","DOID:0080208"
"MGI:6259430","DOID:0080208"
"MGI:88077","DOID:10581"
"MGI:97783","DOID:10581"
"MGI:105942","DOID:0111814"
"MGI:1860083","DOID:0060741"
"MGI:1914346","DOID:0050715"
"MGI:1930964","DOID:0050715"
"MGI:97239","DOID:0060740"
"MGI:5527450","DOID:0060740"
"MGI:108445","DOID:5812"
"MGI:102722","DOID:0060609"
"MGI:109547","DOID:11252"
"MGI:1929878","DOID:0060861"
"MGI:106598","DOID:0060775"
"MGI:106211","DOID:0060775"
"MGI:2151233","DOID:0060469"
"MGI:109520","DOID:0060469"
"MGI:894689","DOID:0060469"
"MGI:1338010","DOID:0060469"
"MGI:109150","DOID:0060469"
"MGI:1914071","DOID:0080111"
"MGI:1913266","DOID:0080120"
"MGI:97138","DOID:0080121"
"MGI:1306775","DOID:0080124"
"MGI:2137410","DOID:0080126"
"MGI:1917633","DOID:699"
"MGI:1889336","DOID:699"
"MGI:3776661","DOID:699"
"MGI:2685011","DOID:988"
"MGI:1914311","DOID:988"
"MGI:1928904","DOID:0111164"
"MGI:1336894","DOID:0111163"
"MGI:1333889","DOID:0080141"
"MGI:1344407","DOID:0060485"
"MGI:3643902","DOID:0080070"
"MGI:1890498","DOID:0080490"
"MGI:96417","DOID:12799"
"MGI:1351641","DOID:12801"
"MGI:1922862","DOID:12801"
"MGI:1196297","DOID:12801"
"MGI:1350341","DOID:12801"
"MGI:96298","DOID:0050809"
"MGI:95872","DOID:12803"
"MGI:88075","DOID:12800"
"MGI:1889844","DOID:0050441"
"MGI:95524","DOID:0060703"
"MGI:1277947","DOID:0050465"
"MGI:2153072","DOID:0050436"
"MGI:104555","DOID:0111534"
"MGI:1316736","DOID:10017"
"MGI:97902","DOID:10016"
"MGI:1328350","DOID:0070299"
"MGI:5707384","DOID:9538"
"MGI:96909","DOID:9538"
"MGI:4939023","DOID:9538"
"MGI:4939024","DOID:9538"
"MGI:6856585","DOID:9538"
"MGI:5644513","DOID:2377"
"MGI:97551","DOID:2377"
"MGI:4459093","DOID:2377"
"MGI:4459440","DOID:2377"
"MGI:104798","DOID:2377"
"MGI:3766211","DOID:2377"
"MGI:3766128","DOID:2377"
"MGI:2443390","DOID:2377"
"MGI:2447586","DOID:9884"
"MGI:1919680","DOID:0050588"
"MGI:1915523","DOID:0050588"
"MGI:2179507","DOID:0050588"
"MGI:2447586","DOID:0050588"
"MGI:1342270","DOID:0050588"
"MGI:2138994","DOID:0050588"
"MGI:2447586","DOID:0110635"
"MGI:1342270","DOID:0110637"
"MGI:1196389","DOID:0050908"
"MGI:1349392","DOID:0050908"
"MGI:4357685","DOID:0050908"
"MGI:1098280","DOID:0050908"
"MGI:1206586","DOID:0050908"
"MGI:1343184","DOID:0050908"
"MGI:1921494","DOID:0050908"
"MGI:1932339","DOID:0050908"
"MGI:95295","DOID:0050908"
"MGI:95661","DOID:0050908"
"MGI:106184","DOID:0050908"
"MGI:98284","DOID:0050908"
"MGI:101785","DOID:0050908"
"MGI:4357687","DOID:0050908"
"MGI:6315192","DOID:0050908"
"MGI:5558102","DOID:0050908"
"MGI:2684063","DOID:0050908"
"MGI:96629","DOID:4971"
"MGI:5441305","DOID:4971"
"MGI:5444026","DOID:4971"
"MGI:97249","DOID:4971"
"MGI:1337080","DOID:4971"
"MGI:95661","DOID:4971"
"MGI:107717","DOID:0060651"
"MGI:1329042","DOID:0090034"
"MGI:1344412","DOID:0080092"
"MGI:94885","DOID:0080092"
"MGI:5468020","DOID:0080092"
"MGI:3640476","DOID:0080094"
"MGI:95557","DOID:0080096"
"MGI:6324027","DOID:0080097"
"MGI:99402","DOID:11830"
"MGI:6281656","DOID:11830"
"MGI:5547615","DOID:633"
"MGI:95904","DOID:633"
"MGI:95691","DOID:0111072"
"MGI:3054421","DOID:11722"
"MGI:3813453","DOID:11722"
"MGI:5523457","DOID:11722"
"MGI:5426789","DOID:11722"
"MGI:4438034","DOID:11722"
"MGI:5427872","DOID:11722"
"MGI:5523465","DOID:11722"
"MGI:94906","DOID:11722"
"MGI:3763895","DOID:11722"
"MGI:3763893","DOID:11722"
"MGI:3763892","DOID:11722"
"MGI:3763888","DOID:11722"
"MGI:3763889","DOID:11722"
"MGI:3763890","DOID:11722"
"MGI:1100513","DOID:9467"
"MGI:894762","DOID:9467"
"MGI:2684894","DOID:0060599"
"MGI:1916703","DOID:0080634"
"MGI:2680765","DOID:8986"
"MGI:1202306","DOID:8986"
"MGI:3621137","DOID:8986"
"MGI:3767621","DOID:8986"
"MGI:1277211","DOID:0090112"
"MGI:5444216","DOID:0110926"
"MGI:2444169","DOID:0110931"
"MGI:1916052","DOID:0110933"
"MGI:97292","DOID:0110928"
"MGI:5566907","DOID:0110927"
"MGI:5316718","DOID:0110927"
"MGI:87902","DOID:0110927"
"MGI:1333868","DOID:0110936"
"MGI:1921742","DOID:0110935"
"MGI:1919580","DOID:0110930"
"MGI:2444289","DOID:0060638"
"MGI:5634776","DOID:2154"
"MGI:1890546","DOID:2154"
"MGI:1858233","DOID:0111112"
"MGI:1335082","DOID:0111113"
"MGI:1921275","DOID:0111114"
"MGI:2384210","DOID:0111115"
"MGI:1932535","DOID:0111116"
"MGI:1919682","DOID:0050474"
"MGI:5583015","DOID:0050474"
"MGI:97487","DOID:0080074"
"MGI:1924836","DOID:0080074"
"MGI:1298218","DOID:0080074"
"MGI:106639","DOID:0080074"
"MGI:2135272","DOID:0080074"
"MGI:1859152","DOID:0110735"
"MGI:3577064","DOID:0110735"
"MGI:95786","DOID:0110735"
"MGI:4418710","DOID:0110735"
"MGI:5700530","DOID:0110737"
"MGI:3848964","DOID:0110737"
"MGI:1859606","DOID:0110739"
"MGI:1918993","DOID:0110740"
"MGI:2444008","DOID:0070514"
"MGI:95775","DOID:0112276"
"MGI:103264","DOID:0080312"
"MGI:1330826","DOID:0081444"
"MGI:97306","DOID:0111253"
"MGI:97628","DOID:0090124"
"MGI:88121","DOID:12388"
"MGI:1298204","DOID:0110721"
"MGI:88562","DOID:0110725"
"MGI:1336194","DOID:0110726"
"MGI:107537","DOID:0110731"
"MGI:103555","DOID:0110731"
"MGI:1347049","DOID:0110731"
"MGI:1298204","DOID:0110731"
"MGI:2442253","DOID:0110728"
"MGI:2159324","DOID:0110729"
"MGI:1919425","DOID:0110722"
"MGI:1349447","DOID:0110723"
"MGI:109169","DOID:12716"
"MGI:103178","DOID:12716"
"MGI:104719","DOID:12716"
"MGI:1097712","DOID:0070113"
"MGI:1351625","DOID:7400"
"MGI:5766486","DOID:0060060"
"MGI:2384818","DOID:0060060"
"MGI:99569","DOID:0060060"
"MGI:5882420","DOID:0060060"
"MGI:5766487","DOID:0060060"
"MGI:2442184","DOID:0050387"
"MGI:2679449","DOID:0060929"
"MGI:1888986","DOID:0050776"
"MGI:3528396","DOID:0050776"
"MGI:99846","DOID:0050776"
"MGI:1339656","DOID:0112051"
"MGI:1915040","DOID:0112059"
"MGI:1859648","DOID:0112034"
"MGI:2148050","DOID:0112044"
"MGI:3822047","DOID:0060578"
"MGI:99511","DOID:0060578"
"MGI:3822031","DOID:0060578"
"MGI:1914113","DOID:0060588"
"MGI:96680","DOID:0060581"
"MGI:98354","DOID:0060582"
"MGI:97847","DOID:0060583"
"MGI:108053","DOID:0060586"
"MGI:4439296","DOID:1572"
"MGI:1289258","DOID:1572"
"MGI:2444131","DOID:1572"
"MGI:2685080","DOID:1572"
"MGI:102570","DOID:0060844"
"MGI:108520","DOID:0060844"
"MGI:96755","DOID:1391"
"MGI:1914272","DOID:0112072"
"MGI:3766098","DOID:9970"
"MGI:104663","DOID:9970"
"MGI:2651573","DOID:9970"
"MGI:2651833","DOID:9970"
"MGI:88064","DOID:9970"
"MGI:3055441","DOID:9970"
"MGI:104963","DOID:9970"
"MGI:3526447","DOID:9970"
"MGI:104993","DOID:9970"
"MGI:6273990","DOID:9970"
"MGI:1891836","DOID:9970"
"MGI:1920024","DOID:9970"
"MGI:2678724","DOID:9970"
"MGI:1917976","DOID:9970"
"MGI:1917887","DOID:9970"
"MGI:1917560","DOID:9970"
"MGI:101932","DOID:9970"
"MGI:87853","DOID:9970"
"MGI:101909","DOID:9970"
"MGI:5763308","DOID:9970"
"MGI:99457","DOID:9970"
"MGI:1276523","DOID:9970"
"MGI:3644668","DOID:9970"
"MGI:99260","DOID:9970"
"MGI:106903","DOID:9970"
"MGI:2143311","DOID:9970"
"MGI:1277215","DOID:9970"
"MGI:5763239","DOID:9970"
"MGI:98847","DOID:9970"
"MGI:96929","DOID:9970"
"MGI:1934606","DOID:9970"
"MGI:98331","DOID:9970"
"MGI:98306","DOID:9970"
"MGI:97511","DOID:9970"
"MGI:1929470","DOID:9970"
"MGI:97772","DOID:9970"
"MGI:97742","DOID:9970"
"MGI:103302","DOID:0050848"
"MGI:107193","DOID:0050633"
"MGI:2677271","DOID:0050633"
"MGI:107178","DOID:0060482"
"MGI:95713","DOID:0060291"
"MGI:3693297","DOID:11719"
"MGI:1345146","DOID:0110713"
"MGI:97849","DOID:0060010"
"MGI:96828","DOID:0060327"
"MGI:5641917","DOID:1067"
"MGI:1202864","DOID:1067"
"MGI:6286494","DOID:1067"
"MGI:1100537","DOID:0080697"
"MGI:97448","DOID:9271"
"MGI:1350328","DOID:0060316"
"MGI:97370","DOID:0060887"
"MGI:88467","DOID:0110334"
"MGI:3766094","DOID:0110334"
"MGI:88283","DOID:0110346"
"MGI:88467","DOID:0110341"
"MGI:1927578","DOID:0110341"
"MGI:1927578","DOID:0110339"
"MGI:88468","DOID:0110339"
"MGI:88467","DOID:0110339"
"MGI:88467","DOID:0110340"
"MGI:5882590","DOID:0110344"
"MGI:2138346","DOID:0110344"
"MGI:1934923","DOID:0110344"
"MGI:108080","DOID:0110350"
"MGI:1891221","DOID:0110337"
"MGI:1888921","DOID:0110336"
"MGI:97750","DOID:0110349"
"MGI:1919595","DOID:0060886"
"MGI:6197463","DOID:11476"
"MGI:4454661","DOID:11476"
"MGI:109558","DOID:11476"
"MGI:1100089","DOID:11476"
"MGI:99414","DOID:11476"
"MGI:108445","DOID:11476"
"MGI:104807","DOID:11476"
"MGI:109587","DOID:11476"
"MGI:5788417","DOID:11476"
"MGI:107655","DOID:11476"
"MGI:1921164","DOID:11476"
"MGI:103076","DOID:11476"
"MGI:107527","DOID:11476"
"MGI:1278315","DOID:0060849"
"MGI:98834","DOID:3347"
"MGI:5521540","DOID:3347"
"MGI:5796021","DOID:3347"
"MGI:88447","DOID:0080026"
"MGI:3037886","DOID:2394"
"MGI:88276","DOID:2394"
"MGI:88039","DOID:2394"
"MGI:4439282","DOID:2394"
"MGI:1352462","DOID:5425"
"MGI:95729","DOID:9248"
"MGI:2442473","DOID:0111506"
"MGI:2429940","DOID:4905"
"MGI:3621127","DOID:4905"
"MGI:5560459","DOID:4905"
"MGI:3040265","DOID:4905"
"MGI:96680","DOID:4905"
"MGI:5441545","DOID:4905"
"MGI:3621125","DOID:4905"
"MGI:3802815","DOID:4905"
"MGI:3802816","DOID:4905"
"MGI:3802817","DOID:4905"
"MGI:97250","DOID:4905"
"MGI:3039698","DOID:4905"
"MGI:88478","DOID:4989"
"MGI:1914623","DOID:4989"
"MGI:88190","DOID:3969"
"MGI:5897608","DOID:3969"
"MGI:5524232","DOID:3969"
"MGI:5897624","DOID:3969"
"MGI:5578558","DOID:3969"
"MGI:5524273","DOID:3969"
"MGI:108359","DOID:0060285"
"MGI:97169","DOID:0060285"
"MGI:2652211","DOID:0060367"
"MGI:1277151","DOID:0060367"
"MGI:3528948","DOID:0060367"
"MGI:5806787","DOID:0060367"
"MGI:3723251","DOID:0060367"
"MGI:6810773","DOID:0060367"
"MGI:3057168","DOID:0060367"
"MGI:5435398","DOID:0060367"
"MGI:5431990","DOID:0060367"
"MGI:5824304","DOID:0060367"
"MGI:3757751","DOID:0060367"
"MGI:5526030","DOID:0060367"
"MGI:4942282","DOID:0060367"
"MGI:5699837","DOID:0060367"
"MGI:5429328","DOID:0060367"
"MGI:3767854","DOID:0060367"
"MGI:1859152","DOID:0060900"
"MGI:1890467","DOID:0060897"
"MGI:1355296","DOID:0060368"
"MGI:3845879","DOID:0060368"
"MGI:5573193","DOID:0060895"
"MGI:1277151","DOID:0060895"
"MGI:1916193","DOID:0060369"
"MGI:2135637","DOID:0060370"
"MGI:1913975","DOID:0060371"
"MGI:4437434","DOID:0060371"
"MGI:5800407","DOID:0060371"
"MGI:5559902","DOID:0060371"
"MGI:5466581","DOID:0090049"
"MGI:5006975","DOID:0090049"
"MGI:1930773","DOID:0090049"
"MGI:102791","DOID:9822"
"MGI:2137495","DOID:13832"
"MGI:104672","DOID:13832"
"MGI:102791","DOID:0060866"
"MGI:88274","DOID:0060864"
"MGI:5806869","DOID:0090111"
"MGI:98358","DOID:0090111"
"MGI:103177","DOID:0090111"
"MGI:2138281","DOID:9631"
"MGI:5447028","DOID:3210"
"MGI:97623","DOID:3210"
"MGI:2388031","DOID:3210"
"MGI:3852176","DOID:3210"
"MGI:99499","DOID:0060851"
"MGI:1346029","DOID:0060744"
"MGI:1096329","DOID:0060744"
"MGI:95556","DOID:0050454"
"MGI:2442555","DOID:0060476"
"MGI:96573","DOID:0060639"
"MGI:107501","DOID:0060639"
"MGI:1330812","DOID:0050797"
"MGI:1858213","DOID:0050857"
"MGI:6331091","DOID:0060486"
"MGI:97362","DOID:13042"
"MGI:109583","DOID:13042"
"MGI:1347470","DOID:13042"
"MGI:5448200","DOID:0060282"
"MGI:105062","DOID:0050791"
"MGI:97490","DOID:0060673"
"MGI:2685903","DOID:0080201"
"MGI:1341870","DOID:3852"
"MGI:95522","DOID:14705"
"MGI:95523","DOID:14705"
"MGI:1923442","DOID:0080181"
"MGI:108399","DOID:0080354"
"MGI:1930016","DOID:0080354"
"MGI:98504","DOID:9281"
"MGI:97473","DOID:9281"
"MGI:96214","DOID:9281"
"MGI:97902","DOID:0050771"
"MGI:5774859","DOID:11870"
"MGI:96677","DOID:3263"
"MGI:2441730","DOID:0081362"
"MGI:99916","DOID:0060852"
"MGI:2387586","DOID:0060852"
"MGI:1934765","DOID:0060680"
"MGI:88451","DOID:0060680"
"MGI:98506","DOID:0060488"
"MGI:2386258","DOID:9212"
"MGI:1861441","DOID:2223"
"MGI:1333879","DOID:2223"
"MGI:1347355","DOID:2223"
"MGI:1914549","DOID:2223"
"MGI:107448","DOID:2223"
"MGI:2180307","DOID:2223"
"MGI:2177763","DOID:2223"
"MGI:1927580","DOID:2223"
"MGI:2153839","DOID:2223"
"MGI:2178598","DOID:2223"
"MGI:2137586","DOID:2223"
"MGI:1931295","DOID:2223"
"MGI:2177742","DOID:2223"
"MGI:107734","DOID:2223"
"MGI:107899","DOID:0111046"
"MGI:96601","DOID:0060691"
"MGI:96612","DOID:0060691"
"MGI:1918089","DOID:0060692"
"MGI:5519082","DOID:0110858"
"MGI:97603","DOID:0110858"
"MGI:3844549","DOID:0110859"
"MGI:1099818","DOID:0110859"
"MGI:2155808","DOID:0080212"
"MGI:5662265","DOID:11612"
"MGI:104874","DOID:11612"
"MGI:8215437","DOID:11612"
"MGI:5553467","DOID:8997"
"MGI:96629","DOID:8997"
"MGI:5441305","DOID:8997"
"MGI:1915349","DOID:1148"
"MGI:2138968","DOID:0060279"
"MGI:1916066","DOID:0112325"
"MGI:1919638","DOID:0060055"
"MGI:1859211","DOID:0060055"
"MGI:5555962","DOID:0060853"
"MGI:5555963","DOID:0060853"
"MGI:103291","DOID:0060853"
"MGI:3769761","DOID:11983"
"MGI:97290","DOID:11983"
"MGI:4356429","DOID:11983"
"MGI:3769683","DOID:11983"
"MGI:96281","DOID:11983"
"MGI:103975","DOID:11983"
"MGI:1351648","DOID:11983"
"MGI:1891407","DOID:11983"
"MGI:98347","DOID:11983"
"MGI:103976","DOID:11983"
"MGI:3642370","DOID:10591"
"MGI:104564","DOID:10591"
"MGI:88470","DOID:10591"
"MGI:96416","DOID:10591"
"MGI:97364","DOID:10591"
"MGI:97797","DOID:10591"
"MGI:1929751","DOID:10591"
"MGI:1923696","DOID:0070293"
"MGI:1916172","DOID:0110594"
"MGI:1923566","DOID:0110612"
"MGI:1289263","DOID:0110598"
"MGI:5491159","DOID:0110598"
"MGI:1859553","DOID:0110608"
"MGI:3588207","DOID:0110626"
"MGI:2685906","DOID:0110596"
"MGI:2387863","DOID:0110597"
"MGI:1922184","DOID:0110609"
"MGI:1914935","DOID:0110615"
"MGI:107718","DOID:0110599"
"MGI:1924859","DOID:0110624"
"MGI:1202386","DOID:0110619"
"MGI:1921657","DOID:0110620"
"MGI:1100864","DOID:0110605"
"MGI:1914676","DOID:0070241"
"MGI:94924","DOID:446"
"MGI:105061","DOID:446"
"MGI:95824","DOID:446"
"MGI:7868081","DOID:446"
"MGI:3055441","DOID:446"
"MGI:1329033","DOID:0111670"
"MGI:1923488","DOID:0111671"
"MGI:3844256","DOID:11202"
"MGI:1914325","DOID:612"
"MGI:1926562","DOID:1070"
"MGI:5302111","DOID:1070"
"MGI:5705745","DOID:1070"
"MGI:1921325","DOID:0080869"
"MGI:1329021","DOID:0080870"
"MGI:1097164","DOID:0080873"
"MGI:1921627","DOID:0112278"
"MGI:99402","DOID:14557"
"MGI:1859993","DOID:14557"
"MGI:97747","DOID:14557"
"MGI:98933","DOID:14557"
"MGI:3703792","DOID:14557"
"MGI:104511","DOID:14557"
"MGI:4838757","DOID:14557"
"MGI:3835843","DOID:14557"
"MGI:1095407","DOID:14557"
"MGI:2651560","DOID:14557"
"MGI:5474458","DOID:14557"
"MGI:97569","DOID:0060643"
"MGI:3834664","DOID:3911"
"MGI:5441744","DOID:3911"
"MGI:96794","DOID:3911"
"MGI:1354161","DOID:3911"
"MGI:1890508","DOID:3911"
"MGI:1917925","DOID:3911"
"MGI:98251","DOID:0111074"
"MGI:1196458","DOID:891"
"MGI:1916034","DOID:0111448"
"MGI:2685581","DOID:0090004"
"MGI:2384974","DOID:0111666"
"MGI:97499","DOID:14701"
"MGI:109583","DOID:10283"
"MGI:88276","DOID:10283"
"MGI:98729","DOID:10283"
"MGI:1928480","DOID:10283"
"MGI:3039899","DOID:10283"
"MGI:4358242","DOID:10283"
"MGI:97166","DOID:10283"
"MGI:5566831","DOID:10283"
"MGI:3574627","DOID:10283"
"MGI:3039388","DOID:10283"
"MGI:2675933","DOID:10283"
"MGI:88039","DOID:10283"
"MGI:3574626","DOID:10283"
"MGI:2675928","DOID:10283"
"MGI:2680364","DOID:10283"
"MGI:96680","DOID:10283"
"MGI:3794203","DOID:10283"
"MGI:5009686","DOID:10283"
"MGI:3831139","DOID:10283"
"MGI:97352","DOID:10283"
"MGI:3706551","DOID:10283"
"MGI:87986","DOID:13482"
"MGI:88469","DOID:0080047"
"MGI:4361024","DOID:0080047"
"MGI:95777","DOID:0080053"
"MGI:97800","DOID:0080053"
"MGI:95777","DOID:4183"
"MGI:1351634","DOID:2738"
"MGI:2386258","DOID:0080475"
"MGI:1351617","DOID:12120"
"MGI:1339759","DOID:12120"
"MGI:1339754","DOID:12120"
"MGI:1339752","DOID:12120"
"MGI:4360911","DOID:9675"
"MGI:1101771","DOID:9675"
"MGI:98376","DOID:9675"
"MGI:1918961","DOID:9675"
"MGI:1927580","DOID:9675"
"MGI:102793","DOID:9675"
"MGI:4830475","DOID:9675"
"MGI:96615","DOID:9675"
"MGI:96824","DOID:9675"
"MGI:96646","DOID:9675"
"MGI:6278013","DOID:9675"
"MGI:1858901","DOID:9675"
"MGI:5475004","DOID:9675"
"MGI:108075","DOID:9675"
"MGI:97803","DOID:9675"
"MGI:97365","DOID:5813"
"MGI:1921303","DOID:0060642"
"MGI:88462","DOID:0060642"
"MGI:891978","DOID:10582"
"MGI:97307","DOID:4450"
"MGI:97486","DOID:0090006"
"MGI:2148742","DOID:0060880"
"MGI:3822349","DOID:0060880"
"MGI:1927555","DOID:14219"
"MGI:109393","DOID:14219"
"MGI:2153480","DOID:14219"
"MGI:1859638","DOID:0060179"
"MGI:98783","DOID:397"
"MGI:1916052","DOID:397"
"MGI:5912296","DOID:397"
"MGI:5909302","DOID:397"
"MGI:6315993","DOID:397"
"MGI:97526","DOID:10584"
"MGI:1914407","DOID:10584"
"MGI:108084","DOID:10584"
"MGI:98488","DOID:10584"
"MGI:2159437","DOID:10584"
"MGI:2443639","DOID:10584"
"MGI:1914535","DOID:10584"
"MGI:97524","DOID:10584"
"MGI:2664102","DOID:10584"
"MGI:1918673","DOID:10584"
"MGI:2679260","DOID:10584"
"MGI:97525","DOID:10584"
"MGI:1341105","DOID:0110390"
"MGI:1916238","DOID:0110408"
"MGI:2136343","DOID:0110358"
"MGI:2179381","DOID:0110403"
"MGI:109571","DOID:0110381"
"MGI:1918017","DOID:0110356"
"MGI:109424","DOID:0110354"
"MGI:1277953","DOID:0110415"
"MGI:5806091","DOID:0110415"
"MGI:1929699","DOID:0110415"
"MGI:98001","DOID:0110353"
"MGI:3037816","DOID:0110368"
"MGI:1921123","DOID:0110365"
"MGI:4936752","DOID:0110414"
"MGI:1344037","DOID:0110414"
"MGI:2443337","DOID:0110406"
"MGI:97914","DOID:0110372"
"MGI:6187992","DOID:0110372"
"MGI:2388177","DOID:0110372"
"MGI:2686798","DOID:0110372"
"MGI:97525","DOID:0110375"
"MGI:1100886","DOID:0110376"
"MGI:6794095","DOID:0110377"
"MGI:88436","DOID:0110377"
"MGI:2385061","DOID:0110364"
"MGI:3044955","DOID:0110371"
"MGI:1914672","DOID:0110352"
"MGI:102791","DOID:0110383"
"MGI:1917585","DOID:0080350"
"MGI:1349429","DOID:0110419"
"MGI:5517697","DOID:768"
"MGI:2388174","DOID:768"
"MGI:3040287","DOID:768"
"MGI:1347464","DOID:1206"
"MGI:3618742","DOID:1206"
"MGI:99918","DOID:1206"
"MGI:99613","DOID:7148"
"MGI:99180","DOID:7148"
"MGI:3053712","DOID:7148"
"MGI:101900","DOID:7148"
"MGI:96560","DOID:7148"
"MGI:3809473","DOID:7148"
"MGI:4421696","DOID:7148"
"MGI:3767249","DOID:7148"
"MGI:3056730","DOID:7148"
"MGI:4818260","DOID:7148"
"MGI:104798","DOID:7148"
"MGI:1329019","DOID:7148"
"MGI:1321392","DOID:0110851"
"MGI:1343460","DOID:0110852"
"MGI:2443065","DOID:0110853"
"MGI:1917488","DOID:0090113"
"MGI:87912","DOID:0060856"
"MGI:109448","DOID:0060856"
"MGI:2151208","DOID:0110633"
"MGI:1914544","DOID:11589"
"MGI:107570","DOID:0060255"
"MGI:3621120","DOID:0060255"
"MGI:1931028","DOID:2732"
"MGI:1098280","DOID:1933"
"MGI:98872","DOID:14768"
"MGI:5451191","DOID:3323"
"MGI:96074","DOID:3323"
"MGI:5451189","DOID:3323"
"MGI:107680","DOID:0112307"
"MGI:1918269","DOID:0111550"
"MGI:1298387","DOID:0060253"
"MGI:104540","DOID:13300"
"MGI:97311","DOID:13300"
"MGI:1859183","DOID:0060490"
"MGI:109484","DOID:5419"
"MGI:88414","DOID:5419"
"MGI:104726","DOID:5419"
"MGI:104740","DOID:5419"
"MGI:1338076","DOID:5419"
"MGI:94862","DOID:5419"
"MGI:95459","DOID:5419"
"MGI:95627","DOID:5419"
"MGI:2681835","DOID:5419"
"MGI:95777","DOID:5419"
"MGI:95819","DOID:5419"
"MGI:96083","DOID:5419"
"MGI:103022","DOID:5419"
"MGI:106065","DOID:5419"
"MGI:5784535","DOID:5419"
"MGI:96949","DOID:5419"
"MGI:1930016","DOID:5419"
"MGI:106679","DOID:5419"
"MGI:5620886","DOID:5419"
"MGI:107172","DOID:5419"
"MGI:2447658","DOID:5419"
"MGI:97531","DOID:5419"
"MGI:2446244","DOID:5419"
"MGI:97613","DOID:5419"
"MGI:1201690","DOID:5419"
"MGI:2442949","DOID:5419"
"MGI:2137383","DOID:5419"
"MGI:1346542","DOID:5419"
"MGI:98331","DOID:5419"
"MGI:2137586","DOID:5419"
"MGI:5521184","DOID:5419"
"MGI:98506","DOID:5419"
"MGI:5486140","DOID:5419"
"MGI:5462362","DOID:5419"
"MGI:87986","DOID:5419"
"MGI:1346871","DOID:5419"
"MGI:99779","DOID:5419"
"MGI:2148258","DOID:5419"
"MGI:107595","DOID:5419"
"MGI:107688","DOID:5419"
"MGI:1891700","DOID:5419"
"MGI:5428304","DOID:5419"
"MGI:3758075","DOID:5419"
"MGI:3039785","DOID:5419"
"MGI:1097165","DOID:5419"
"MGI:1096391","DOID:5419"
"MGI:3785789","DOID:5419"
"MGI:3798957","DOID:5419"
"MGI:4843270","DOID:5419"
"MGI:1351342","DOID:5419"
"MGI:1859216","DOID:5419"
"MGI:2152938","DOID:5419"
"MGI:2389173","DOID:5419"
"MGI:1351636","DOID:5419"
"MGI:1352456","DOID:5419"
"MGI:1858224","DOID:5419"
"MGI:109553","DOID:5419"
"MGI:1354953","DOID:5419"
"MGI:3838644","DOID:0070085"
"MGI:6287120","DOID:0070085"
"MGI:88445","DOID:0080021"
"MGI:2140361","DOID:0050775"
"MGI:1918957","DOID:0060456"
"MGI:96257","DOID:0090005"
"MGI:97530","DOID:4297"
"MGI:98715","DOID:4297"
"MGI:894697","DOID:0060252"
"MGI:1921749","DOID:0060756"
"MGI:2442252","DOID:0060757"
"MGI:1913529","DOID:0050576"
"MGI:96071","DOID:0060857"
"MGI:99928","DOID:0090014"
"MGI:1345961","DOID:0090014"
"MGI:97849","DOID:0090013"
"MGI:104779","DOID:0090013"
"MGI:2441769","DOID:0090012"
"MGI:87868","DOID:0080154"
"MGI:1341722","DOID:0050793"
"MGI:1921932","DOID:0110090"
"MGI:2146906","DOID:0110097"
"MGI:97583","DOID:0111454"
"MGI:1913961","DOID:0060479"
"MGI:1915181","DOID:0060479"
"MGI:1924105","DOID:3659"
"MGI:98251","DOID:13884"
"MGI:1096392","DOID:13884"
"MGI:96257","DOID:0090032"
"MGI:5825052","DOID:14681"
"MGI:5825053","DOID:14681"
"MGI:104903","DOID:0060248"
"MGI:3664332","DOID:12894"
"MGI:2143599","DOID:12894"
"MGI:104856","DOID:12894"
"MGI:5805450","DOID:12894"
"MGI:96398","DOID:12894"
"MGI:1344376","DOID:12894"
"MGI:105084","DOID:12894"
"MGI:3818759","DOID:12894"
"MGI:4430828","DOID:12894"
"MGI:96556","DOID:12894"
"MGI:98725","DOID:12894"
"MGI:96549","DOID:12894"
"MGI:96548","DOID:12894"
"MGI:95484","DOID:12894"
"MGI:1858204","DOID:12894"
"MGI:88587","DOID:12894"
"MGI:1338881","DOID:12894"
"MGI:2676278","DOID:12894"
"MGI:2450863","DOID:12894"
"MGI:103011","DOID:12894"
"MGI:101941","DOID:12894"
"MGI:1338803","DOID:12894"
"MGI:104741","DOID:12894"
"MGI:98737","DOID:12894"
"MGI:1351338","DOID:8923"
"MGI:6324049","DOID:8923"
"MGI:3621028","DOID:8923"
"MGI:3039780","DOID:8923"
"MGI:1298378","DOID:14692"
"MGI:3521936","DOID:0060768"
"MGI:3521942","DOID:0060768"
"MGI:103291","DOID:0060768"
"MGI:1330805","DOID:0081271"
"MGI:98754","DOID:0090114"
"MGI:1921749","DOID:0080036"
"MGI:5441844","DOID:0080036"
"MGI:5304470","DOID:0080036"
"MGI:97311","DOID:0112102"
"MGI:2135601","DOID:0070537"
"MGI:1289258","DOID:0070170"
"MGI:1277238","DOID:0070166"
"MGI:2443778","DOID:0111929"
"MGI:1930136","DOID:0111922"
"MGI:1917176","DOID:0111926"
"MGI:2444274","DOID:0111918"
"MGI:107714","DOID:0112164"
"MGI:1914311","DOID:0112175"
"MGI:5317030","DOID:0050954"
"MGI:3621168","DOID:0050954"
"MGI:104783","DOID:0050954"
"MGI:5644275","DOID:0050960"
"MGI:5660025","DOID:0050964"
"MGI:97597","DOID:0050964"
"MGI:5142232","DOID:0050967"
"MGI:3772770","DOID:0050967"
"MGI:3772698","DOID:0050967"
"MGI:3772769","DOID:0050967"
"MGI:101838","DOID:0050967"
"MGI:5697197","DOID:0050955"
"MGI:1277223","DOID:0050955"
"MGI:5467322","DOID:0050955"
"MGI:109189","DOID:0050976"
"MGI:1916847","DOID:0050977"
"MGI:1313261","DOID:0050882"
"MGI:5662094","DOID:0050882"
"MGI:109482","DOID:0050956"
"MGI:4398717","DOID:0050958"
"MGI:6194618","DOID:0050958"
"MGI:2653602","DOID:0050958"
"MGI:2179277","DOID:0050958"
"MGI:5705121","DOID:0050958"
"MGI:6194619","DOID:0050958"
"MGI:2450855","DOID:0050958"
"MGI:1920036","DOID:0090115"
"MGI:101927","DOID:0090021"
"MGI:5583955","DOID:0090021"
"MGI:101926","DOID:0090021"
"MGI:2446089","DOID:0090116"
"MGI:1330223","DOID:0050812"
"MGI:4940991","DOID:14789"
"MGI:88452","DOID:14789"
"MGI:1337006","DOID:14789"
"MGI:109424","DOID:0050817"
"MGI:4360791","DOID:0050817"
"MGI:4360794","DOID:0050817"
"MGI:1933331","DOID:0050817"
"MGI:4360795","DOID:0050817"
"MGI:109583","DOID:9452"
"MGI:96778","DOID:9452"
"MGI:104663","DOID:9452"
"MGI:96765","DOID:9452"
"MGI:87930","DOID:9452"
"MGI:97611","DOID:9452"
"MGI:5578130","DOID:9452"
"MGI:1338074","DOID:9452"
"MGI:99457","DOID:9452"
"MGI:2135607","DOID:9452"
"MGI:1298218","DOID:9452"
"MGI:5781012","DOID:9452"
"MGI:1914345","DOID:13366"
"MGI:1919762","DOID:0111457"
"MGI:2388992","DOID:10534"
"MGI:88135","DOID:10534"
"MGI:2652507","DOID:10534"
"MGI:96560","DOID:10534"
"MGI:1925542","DOID:0060354"
"MGI:107476","DOID:0060354"
"MGI:1915769","DOID:0111169"
"MGI:103223","DOID:9007"
"MGI:96285","DOID:9007"
"MGI:95317","DOID:1929"
"MGI:1918708","DOID:0111809"
"MGI:1201779","DOID:0070538"
"MGI:1889383","DOID:0060800"
"MGI:99781","DOID:0060809"
"MGI:3815539","DOID:0060799"
"MGI:3815538","DOID:0060799"
"MGI:2444393","DOID:0060824"
"MGI:2444341","DOID:0060812"
"MGI:96205","DOID:0060242"
"MGI:1918836","DOID:9074"
"MGI:107357","DOID:9074"
"MGI:96892","DOID:9074"
"MGI:95499","DOID:9074"
"MGI:5444395","DOID:9074"
"MGI:97740","DOID:9074"
"MGI:104556","DOID:9074"
"MGI:88337","DOID:9074"
"MGI:1276116","DOID:9074"
"MGI:96628","DOID:9074"
"MGI:2176882","DOID:9074"
"MGI:1342542","DOID:9074"
"MGI:99655","DOID:9074"
"MGI:2144765","DOID:9074"
"MGI:2143599","DOID:9074"
"MGI:1346328","DOID:9074"
"MGI:97747","DOID:9074"
"MGI:95484","DOID:9074"
"MGI:3843669","DOID:9074"
"MGI:96647","DOID:9074"
"MGI:104669","DOID:9074"
"MGI:99140","DOID:9074"
"MGI:107799","DOID:9074"
"MGI:97810","DOID:9074"
"MGI:1314635","DOID:9074"
"MGI:1914267","DOID:9074"
"MGI:106652","DOID:9074"
"MGI:98214","DOID:9074"
"MGI:2685397","DOID:9074"
"MGI:1346340","DOID:9074"
"MGI:88223","DOID:9074"
"MGI:2138281","DOID:9074"
"MGI:103157","DOID:9074"
"MGI:96461","DOID:9074"
"MGI:4461028","DOID:9074"
"MGI:1889411","DOID:9074"
"MGI:104879","DOID:9074"
"MGI:1926375","DOID:9074"
"MGI:88228","DOID:9074"
"MGI:1329012","DOID:14365"
"MGI:3813492","DOID:418"
"MGI:95554","DOID:418"
"MGI:95489","DOID:418"
"MGI:98728","DOID:418"
"MGI:102858","DOID:418"
"MGI:88453","DOID:418"
"MGI:99607","DOID:1388"
"MGI:3510913","DOID:1388"
"MGI:1261827","DOID:0112339"
"MGI:96073","DOID:3320"
"MGI:102949","DOID:0060769"
"MGI:1921642","DOID:0080698"
"MGI:1335082","DOID:6419"
"MGI:3584243","DOID:6419"
"MGI:2429765","DOID:6419"
"MGI:97380","DOID:6419"
"MGI:99604","DOID:6419"
"MGI:1338820","DOID:6419"
"MGI:1341884","DOID:6419"
"MGI:107718","DOID:6419"
"MGI:1306784","DOID:6419"
"MGI:97350","DOID:6419"
"MGI:3653212","DOID:6419"
"MGI:103248","DOID:6419"
"MGI:95716","DOID:6419"
"MGI:1334444","DOID:6419"
"MGI:95524","DOID:13481"
"MGI:96257","DOID:13481"
"MGI:1928761","DOID:0090117"
"MGI:95661","DOID:1588"
"MGI:5295639","DOID:1588"
"MGI:98743","DOID:11633"
"MGI:5529513","DOID:11633"
"MGI:1276523","DOID:11633"
"MGI:98742","DOID:11633"
"MGI:98864","DOID:0111078"
"MGI:104554","DOID:0090002"
"MGI:103013","DOID:0060173"
"MGI:1314884","DOID:0090018"
"MGI:97168","DOID:0050591"
"MGI:97493","DOID:0050591"
"MGI:3832907","DOID:0060730"
"MGI:1353568","DOID:0060730"
"MGI:3832912","DOID:0060730"
"MGI:4838204","DOID:0060730"
"MGI:1921004","DOID:0090039"
"MGI:1889585","DOID:0050887"
"MGI:98865","DOID:0050638"
"MGI:3047091","DOID:0050638"
"MGI:6110831","DOID:0050638"
"MGI:1927616","DOID:14743"
"MGI:96189","DOID:0050587"
"MGI:1334444","DOID:0080169"
"MGI:103156","DOID:12098"
"MGI:98797","DOID:0050884"
"MGI:2139806","DOID:0050886"
"MGI:107476","DOID:0080089"
"MGI:1925542","DOID:0080686"
"MGI:3497904","DOID:9744"
"MGI:1333813","DOID:9744"
"MGI:2385759","DOID:9744"
"MGI:88357","DOID:9744"
"MGI:1277193","DOID:9744"
"MGI:3576515","DOID:9744"
"MGI:3576671","DOID:9744"
"MGI:3578636","DOID:9744"
"MGI:3576271","DOID:9744"
"MGI:3584119","DOID:9744"
"MGI:1921164","DOID:9744"
"MGI:3590214","DOID:9744"
"MGI:3573698","DOID:9744"
"MGI:3531505","DOID:9744"
"MGI:2445054","DOID:9744"
"MGI:95634","DOID:9744"
"MGI:3056940","DOID:9744"
"MGI:3053738","DOID:9744"
"MGI:3052552","DOID:9744"
"MGI:3046790","DOID:9744"
"MGI:95903","DOID:9744"
"MGI:3706437","DOID:9744"
"MGI:3706436","DOID:9744"
"MGI:3711051","DOID:9744"
"MGI:3790747","DOID:9744"
"MGI:96448","DOID:9744"
"MGI:96545","DOID:9744"
"MGI:96556","DOID:9744"
"MGI:103062","DOID:9744"
"MGI:102851","DOID:9744"
"MGI:96573","DOID:9744"
"MGI:97361","DOID:9744"
"MGI:3043842","DOID:9744"
"MGI:3043841","DOID:9744"
"MGI:107656","DOID:9744"
"MGI:107654","DOID:9744"
"MGI:101941","DOID:9744"
"MGI:99255","DOID:9744"
"MGI:107474","DOID:9744"
"MGI:104511","DOID:9744"
"MGI:98553","DOID:9744"
"MGI:97551","DOID:9744"
"MGI:98279","DOID:9744"
"MGI:107418","DOID:9744"
"MGI:5565216","DOID:9744"
"MGI:96434","DOID:0110741"
"MGI:3818711","DOID:0110741"
"MGI:1339708","DOID:0110746"
"MGI:1914930","DOID:9352"
"MGI:3028849","DOID:9352"
"MGI:98331","DOID:9352"
"MGI:2673307","DOID:9352"
"MGI:1914947","DOID:9352"
"MGI:98504","DOID:9352"
"MGI:1335087","DOID:9352"
"MGI:101884","DOID:9352"
"MGI:104663","DOID:9352"
"MGI:96281","DOID:9352"
"MGI:1347487","DOID:9352"
"MGI:87853","DOID:9352"
"MGI:3842763","DOID:9352"
"MGI:2386848","DOID:9352"
"MGI:105115","DOID:9352"
"MGI:106633","DOID:9352"
"MGI:6111354","DOID:9352"
"MGI:109334","DOID:9352"
"MGI:96573","DOID:9352"
"MGI:104993","DOID:9352"
"MGI:99421","DOID:9352"
"MGI:99454","DOID:9352"
"MGI:1270854","DOID:9352"
"MGI:96160","DOID:9352"
"MGI:104874","DOID:9352"
"MGI:2385505","DOID:9352"
"MGI:3766098","DOID:9352"
"MGI:88064","DOID:9352"
"MGI:1858229","DOID:9352"
"MGI:2153588","DOID:9352"
"MGI:99260","DOID:9352"
"MGI:95758","DOID:9352"
"MGI:1095438","DOID:9352"
"MGI:96382","DOID:9352"
"MGI:1921765","DOID:9352"
"MGI:5804123","DOID:9352"
"MGI:5804113","DOID:9352"
"MGI:2444672","DOID:9352"
"MGI:96795","DOID:0060785"
"MGI:5491200","DOID:0060785"
"MGI:5491202","DOID:0060785"
"MGI:5697873","DOID:0060785"
"MGI:95482","DOID:0050726"
"MGI:96213","DOID:0050727"
"MGI:98495","DOID:0060614"
"MGI:1891700","DOID:11054"
"MGI:5770787","DOID:11054"
"MGI:3040303","DOID:11054"
"MGI:88276","DOID:11054"
"MGI:5014308","DOID:11054"
"MGI:109583","DOID:11054"
"MGI:5789552","DOID:11054"
"MGI:5141745","DOID:11054"
"MGI:2685814","DOID:0050816"
"MGI:104510","DOID:0110826"
"MGI:1919338","DOID:0110830"
"MGI:1890219","DOID:0110831"
"MGI:1891428","DOID:0110832"
"MGI:2450757","DOID:0110834"
"MGI:1341292","DOID:0110838"
"MGI:2443878","DOID:0110839"
"MGI:1274784","DOID:0110839"
"MGI:2682003","DOID:0110840"
"MGI:2388124","DOID:0110841"
"MGI:102548","DOID:13223"
"MGI:1351338","DOID:6039"
"MGI:3621028","DOID:6039"
"MGI:2442827","DOID:14679"
"MGI:1923416","DOID:14679"
"MGI:107736","DOID:14679"
"MGI:97515","DOID:14679"
"MGI:1330818","DOID:14679"
"MGI:2682064","DOID:14679"
"MGI:1859211","DOID:0060239"
"MGI:2655333","DOID:0060239"
"MGI:104968","DOID:4346"
"MGI:88453","DOID:14756"
"MGI:1336209","DOID:12583"
"MGI:98493","DOID:12583"
"MGI:1916034","DOID:12583"
"MGI:104686","DOID:12583"
"MGI:3702641","DOID:12583"
"MGI:1346858","DOID:12583"
"MGI:1313268","DOID:12583"
"MGI:105923","DOID:12583"
"MGI:5446153","DOID:12583"
"MGI:895149","DOID:0080155"
"MGI:87866","DOID:0080155"
"MGI:98914","DOID:9620"
"MGI:97307","DOID:0111252"
"MGI:3044955","DOID:0050661"
"MGI:1346332","DOID:0050661"
"MGI:5298018","DOID:14175"
"MGI:103223","DOID:14175"
"MGI:98941","DOID:0060574"
"MGI:104554","DOID:0110948"
"MGI:97487","DOID:0110948"
"MGI:104554","DOID:0110950"
"MGI:102720","DOID:0110953"
"MGI:95285","DOID:0110954"
"MGI:98358","DOID:0110955"
"MGI:102790","DOID:0110718"
"MGI:1914481","DOID:0110719"
"MGI:107940","DOID:14731"
"MGI:95489","DOID:0050475"
"MGI:2449112","DOID:0050475"
"MGI:3588195","DOID:0050475"
"MGI:102806","DOID:4258"
"MGI:98822","DOID:4258"
"MGI:1346858","DOID:4258"
"MGI:3576012","DOID:4258"
"MGI:98359","DOID:4258"
"MGI:2178798","DOID:13137"
"MGI:109257","DOID:13137"
"MGI:3525072","DOID:5688"
"MGI:109635","DOID:5688"
"MGI:109563","DOID:0060591"
"MGI:1861942","DOID:1928"
"MGI:98397","DOID:1928"
"MGI:1277959","DOID:1928"
"MGI:1353499","DOID:1928"
"MGI:1341822","DOID:1928"
"MGI:1313278","DOID:1928"
"MGI:1313136","DOID:1928"
"MGI:5311361","DOID:1928"
"MGI:1202722","DOID:1928"
"MGI:96817","DOID:1928"
"MGI:104572","DOID:1928"
"MGI:5555957","DOID:1928"
"MGI:103297","DOID:893"
"MGI:105059","DOID:9169"
"MGI:1891436","DOID:9169"
"MGI:2441787","DOID:9169"
"MGI:1341830","DOID:0090060"
"MGI:1336153","DOID:384"
"MGI:1346877","DOID:384"
"MGI:3696411","DOID:384"
"MGI:1338938","DOID:384"
"MGI:3688879","DOID:384"
"MGI:3688829","DOID:384"
"MGI:1276574","DOID:0050460"
"MGI:3798169","DOID:0050460"
"MGI:3798061","DOID:0050460"
"MGI:3798060","DOID:0050460"
"MGI:3798059","DOID:0050460"
"MGI:2150920","DOID:0050460"
"MGI:1328355","DOID:0110629"
"MGI:96789","DOID:14497"
"MGI:1915841","DOID:0070453"
"MGI:99135","DOID:0110843"
"MGI:95414","DOID:0110850"
"MGI:103557","DOID:0110844"
"MGI:95413","DOID:0110845"
"MGI:1355314","DOID:0110846"
"MGI:1354163","DOID:0110848"
"MGI:103582","DOID:0110849"
"MGI:1891457","DOID:0110847"
"MGI:95412","DOID:0060590"
"MGI:2444218","DOID:0070055"
"MGI:1352460","DOID:0080156"
"MGI:88216","DOID:14179"
"MGI:97583","DOID:14179"
"MGI:88456","DOID:0110034"
"MGI:1099438","DOID:0060292"
"MGI:107822","DOID:0060292"
"MGI:2389465","DOID:0060613"
"MGI:3038635","DOID:0111008"
"MGI:1344037","DOID:0111008"
"MGI:1913356","DOID:0111735"
"MGI:3797603","DOID:0110461"
"MGI:99400","DOID:0111196"
"MGI:6297003","DOID:0050445"
"MGI:107489","DOID:0050445"
"MGI:5465568","DOID:0050445"
"MGI:2180716","DOID:0050445"
"MGI:2442413","DOID:0112056"
"MGI:1336189","DOID:0060763"
"MGI:1328352","DOID:0060705"
"MGI:88123","DOID:0081060"
"MGI:2143585","DOID:0060589"
"MGI:1915401","DOID:0070473"
"MGI:98353","DOID:0060953"
