"disease_id","disease_name"
"DOID:0112248","17-beta hydroxysteroid dehydrogenase 3 deficiency"
"DOID:0111453","2-aminoadipic 2-oxoadipic aciduria"
"DOID:0110004","3-methylglutaconic aciduria type 3"
"DOID:0110001","3-methylglutaconic aciduria with deafness, encephalopathy, and Leigh-like syndrome"
"DOID:14221","abdominal obesity-metabolic syndrome 1"
"DOID:0050711","aceruloplasminemia"
"DOID:9164","achalasia"
"DOID:0050603","acheiropody"
"DOID:0080054","achondrogenesis type IA"
"DOID:0080056","achondrogenesis type II"
"DOID:4480","achondroplasia"
"DOID:0110007","achromatopsia 2"
"DOID:0110008","achromatopsia 3"
"DOID:0110010","achromatopsia 4"
"DOID:0110009","achromatopsia 7"
"DOID:9250","acrocallosal syndrome"
"DOID:12960","acrocephalosyndactylia"
"DOID:0050605","acrodermatitis enteropathica"
"DOID:14669","acrodysostosis"
"DOID:0080052","acromesomelic dysplasia, Grebe type"
"DOID:0080051","acromesomelic dysplasia, Hunter-Thompson type"
"DOID:0080050","acromesomelic dysplasia, Maroteaux type"
"DOID:7004","ACTH-secreting pituitary adenoma"
"DOID:3890","acute intermittent porphyria"
"DOID:12603","acute leukemia"
"DOID:9952","acute lymphoblastic leukemia"
"DOID:9119","acute myeloid leukemia"
"DOID:0060318","acute promyelocytic leukemia"
"DOID:0060227","Adams-Oliver syndrome"
"DOID:0060350","adenine phosphoribosyltransferase deficiency"
"DOID:5810","adenosine deaminase deficiency"
"DOID:0080150","adrenocorticotropic hormone deficiency"
"DOID:10588","adrenoleukodystrophy"
"DOID:0110913","adult hypophosphatasia"
"DOID:0080093","adult-onset myofibrillar myopathy 2A"
"DOID:0110011","advanced sleep phase syndrome 1"
"DOID:0110012","advanced sleep phase syndrome 2"
"DOID:0090003","agenesis of the corpus callosum with peripheral neuropathy"
"DOID:0110014","age related macular degeneration 1"
"DOID:0110024","age related macular degeneration 12"
"DOID:0110017","age related macular degeneration 4"
"DOID:1474","aggressive periodontitis"
"DOID:0060341","agnathia-otocephaly complex"
"DOID:0050629","Aicardi-Goutieres syndrome"
"DOID:0112321","alacrima, achalasia, and impaired intellectual development syndrome"
"DOID:9245","Alagille syndrome"
"DOID:0050741","alcohol dependence"
"DOID:4252","Alexander disease"
"DOID:9270","alkaptonuria"
"DOID:0050631","Allan-Herndon-Dudley syndrome"
"DOID:986","alopecia areata"
"DOID:0050634","alopecia universalis"
"DOID:13372","alpha 1-antitrypsin deficiency"
"DOID:0060601","alpha-2-plasmin inhibitor deficiency"
"DOID:3413","alpha-mannosidosis"
"DOID:0060602","alpha-methylacyl-CoA racemase deficiency"
"DOID:1099","alpha thalassemia"
"DOID:0110030","alpha thalassemia-X-linked intellectual disability syndrome"
"DOID:0050473","Alstrom syndrome"
"DOID:0050635","alternating hemiplegia of childhood"
"DOID:0110042","Alzheimers disease 3"
"DOID:0110040","Alzheimers disease 4"
"DOID:0111060","Ambras type hypertrichosis universalis congenita"
"DOID:0110060","amelogenesis imperfecta hypomaturation type 2A2"
"DOID:0110061","amelogenesis imperfecta hypomaturation type 2A3"
"DOID:0110052","amelogenesis imperfecta type 1B"
"DOID:0110058","amelogenesis imperfecta type 1E"
"DOID:0111722","amelogenesis imperfecta type 3C"
"DOID:0060193","amyotrophic lateral sclerosis type 1"
"DOID:0060201","amyotrophic lateral sclerosis type 10"
"DOID:0060206","amyotrophic lateral sclerosis type 15"
"DOID:0060212","amyotrophic lateral sclerosis type 21"
"DOID:0080225","amyotrophic lateral sclerosis type 23"
"DOID:0060196","amyotrophic lateral sclerosis type 4"
"DOID:0060198","amyotrophic lateral sclerosis type 6"
"DOID:0050752","amyotrophic lateral sclerosis type 8"
"DOID:0050801","androgenic alopecia"
"DOID:4674","androgen insensitivity syndrome"
"DOID:0060668","anencephaly"
"DOID:1932","Angelman syndrome"
"DOID:0090119","ankyloblepharon-ectodermal defects-cleft lip/palate syndrome"
"DOID:0060604","ankyloglossia"
"DOID:0111700","ankyrin-B-related cardiac arrhythmia"
"DOID:0060850","annular pancreas"
"DOID:3755","antithrombin III deficiency"
"DOID:2030","anxiety disorder"
"DOID:12449","aplastic anemia"
"DOID:14755","argininosuccinic aciduria"
"DOID:0090122","aromatase excess syndrome"
"DOID:0090123","aromatic L-amino acid decarboxylase deficiency"
"DOID:0110081","arrhythmogenic right ventricular dysplasia 10"
"DOID:0110083","arrhythmogenic right ventricular dysplasia 12"
"DOID:0110074","arrhythmogenic right ventricular dysplasia 5"
"DOID:0110076","arrhythmogenic right ventricular dysplasia 8"
"DOID:0110077","arrhythmogenic right ventricular dysplasia 9"
"DOID:0050644","arterial calcification of infancy"
"DOID:0050645","arterial tortuosity syndrome"
"DOID:0060688","arteriovenous malformations of the brain"
"DOID:0050461","aspartylglucosaminuria"
"DOID:0110085","asphyxiating thoracic dystrophy 1"
"DOID:0110086","asphyxiating thoracic dystrophy 2"
"DOID:0110087","asphyxiating thoracic dystrophy 3"
"DOID:2841","asthma"
"DOID:12704","ataxia telangiectasia"
"DOID:0050682","Athabaskan brainstem dysgenesis syndrome"
"DOID:3310","atopic dermatitis"
"DOID:0110098","atopic dermatitis 2"
"DOID:0050649","atransferrinemia"
"DOID:0110106","atrial heart septal defect 1"
"DOID:0110107","atrial heart septal defect 2"
"DOID:0110112","atrial heart septal defect 7"
"DOID:0060689","atrichia with papular lesions"
"DOID:0050651","atrioventricular septal defect"
"DOID:1094","attention deficit hyperactivity disorder"
"DOID:12849","autistic disorder"
"DOID:417","autoimmune disease"
"DOID:718","autoimmune hemolytic anemia"
"DOID:0081242","autoimmune interstitial lung, joint, and kidney disease"
"DOID:6688","autoimmune lymphoproliferative syndrome"
"DOID:0110116","autoimmune lymphoproliferative syndrome type 2B"
"DOID:0050167","autoimmune polyendocrine syndrome type 1"
"DOID:0060690","autosomal dominant auditory neuropathy 1"
"DOID:0080720","autosomal dominant congenital deafness with onychodystrophy"
"DOID:0111206","autosomal dominant distal hereditary motor neuronopathy 2"
"DOID:0080224","autosomal dominant dystrophic epidermolysis bullosa"
"DOID:0090107","autosomal dominant hypocalcemia 1"
"DOID:0090108","autosomal dominant hypocalcemia 2"
"DOID:0050948","autosomal dominant hypophosphatemic rickets"
"DOID:0070056","autosomal dominant intellectual developmental disorder 26"
"DOID:0070068","autosomal dominant intellectual developmental disorder 38"
"DOID:0070069","autosomal dominant intellectual developmental disorder 39"
"DOID:0070037","autosomal dominant intellectual developmental disorder 7"
"DOID:0060871","autosomal dominant keratitis-ichthyosis-deafness syndrome"
"DOID:0110305","autosomal dominant limb-girdle muscular dystrophy type 1"
"DOID:0060684","autosomal dominant nocturnal frontal lobe epilepsy 3"
"DOID:0110544","autosomal dominant nonsyndromic deafness 12"
"DOID:0110545","autosomal dominant nonsyndromic deafness 13"
"DOID:0110546","autosomal dominant nonsyndromic deafness 15"
"DOID:0110552","autosomal dominant nonsyndromic deafness 22"
"DOID:0110555","autosomal dominant nonsyndromic deafness 25"
"DOID:0110563","autosomal dominant nonsyndromic deafness 36"
"DOID:0110567","autosomal dominant nonsyndromic deafness 41"
"DOID:0110573","autosomal dominant nonsyndromic deafness 4A"
"DOID:0110588","autosomal dominant nonsyndromic deafness 67"
"DOID:0110593","autosomal dominant nonsyndromic deafness 9"
"DOID:0110938","autosomal dominant osteopetrosis 2"
"DOID:0111520","autosomal dominant progressive external ophthalmoplegia with mitochondrial DNA deletions 3"
"DOID:0060855","autosomal dominant pseudohypoaldosteronism type 1"
"DOID:0110033","autosomal recessive Alport syndrome"
"DOID:0060656","autosomal recessive congenital ichthyosis 1"
"DOID:0060719","autosomal recessive congenital ichthyosis 10"
"DOID:0080257","autosomal recessive congenital ichthyosis 13"
"DOID:0060713","autosomal recessive congenital ichthyosis 4B"
"DOID:0111064","autosomal recessive distal hereditary motor neuronopathy 1"
"DOID:0090105","autosomal recessive hypercholesterolemia"
"DOID:0050949","autosomal recessive hypophosphatemic rickets"
"DOID:0081206","autosomal recessive intellectual developmental disorder 41"
"DOID:0111149","autosomal recessive isolated ectopia lentis 2"
"DOID:0110275","autosomal recessive limb-girdle muscular dystrophy type 2A"
"DOID:0110276","autosomal recessive limb-girdle muscular dystrophy type 2B"
"DOID:0110277","autosomal recessive limb-girdle muscular dystrophy type 2C"
"DOID:0110278","autosomal recessive limb-girdle muscular dystrophy type 2D"
"DOID:0110279","autosomal recessive limb-girdle muscular dystrophy type 2E"
"DOID:0110280","autosomal recessive limb-girdle muscular dystrophy type 2F"
"DOID:0110281","autosomal recessive limb-girdle muscular dystrophy type 2G"
"DOID:0110282","autosomal recessive limb-girdle muscular dystrophy type 2H"
"DOID:0110299","autosomal recessive limb-girdle muscular dystrophy type 2I"
"DOID:0110283","autosomal recessive limb-girdle muscular dystrophy type 2J"
"DOID:0110284","autosomal recessive limb-girdle muscular dystrophy type 2L"
"DOID:0110293","autosomal recessive limb-girdle muscular dystrophy type 2P"
"DOID:0110295","autosomal recessive limb-girdle muscular dystrophy type 2U"
"DOID:0050565","autosomal recessive nonsyndromic deafness"
"DOID:0111640","autosomal recessive nonsyndromic deafness 111"
"DOID:0110467","autosomal recessive nonsyndromic deafness 12"
"DOID:0110471","autosomal recessive nonsyndromic deafness 16"
"DOID:0110473","autosomal recessive nonsyndromic deafness 18A"
"DOID:0110474","autosomal recessive nonsyndromic deafness 18B"
"DOID:0110475","autosomal recessive nonsyndromic deafness 1A"
"DOID:0110477","autosomal recessive nonsyndromic deafness 2"
"DOID:0110480","autosomal recessive nonsyndromic deafness 22"
"DOID:0110481","autosomal recessive nonsyndromic deafness 23"
"DOID:0110486","autosomal recessive nonsyndromic deafness 28"
"DOID:0110487","autosomal recessive nonsyndromic deafness 29"
"DOID:0110488","autosomal recessive nonsyndromic deafness 3"
"DOID:0110489","autosomal recessive nonsyndromic deafness 30"
"DOID:0110490","autosomal recessive nonsyndromic deafness 31"
"DOID:0110491","autosomal recessive nonsyndromic deafness 32"
"DOID:0110495","autosomal recessive nonsyndromic deafness 37"
"DOID:0110496","autosomal recessive nonsyndromic deafness 38"
"DOID:0110497","autosomal recessive nonsyndromic deafness 39"
"DOID:0110500","autosomal recessive nonsyndromic deafness 42"
"DOID:0110505","autosomal recessive nonsyndromic deafness 48"
"DOID:0110506","autosomal recessive nonsyndromic deafness 49"
"DOID:0110511","autosomal recessive nonsyndromic deafness 59"
"DOID:0110515","autosomal recessive nonsyndromic deafness 63"
"DOID:0110519","autosomal recessive nonsyndromic deafness 68"
"DOID:0110520","autosomal recessive nonsyndromic deafness 7"
"DOID:0110523","autosomal recessive nonsyndromic deafness 74"
"DOID:0110526","autosomal recessive nonsyndromic deafness 79"
"DOID:0110533","autosomal recessive nonsyndromic deafness 88"
"DOID:0110535","autosomal recessive nonsyndromic deafness 9"
"DOID:0110537","autosomal recessive nonsyndromic deafness 93"
"DOID:0110942","autosomal recessive osteopetrosis 1"
"DOID:0110943","autosomal recessive osteopetrosis 2"
"DOID:0110941","autosomal recessive osteopetrosis 3"
"DOID:0110944","autosomal recessive osteopetrosis 4"
"DOID:0110939","autosomal recessive osteopetrosis 5"
"DOID:0110945","autosomal recessive osteopetrosis 6"
"DOID:0110940","autosomal recessive osteopetrosis 8"
"DOID:0060854","autosomal recessive pseudohypoaldosteronism type 1"
"DOID:0060764","autosomal recessive Robinow syndrome"
"DOID:0080060","autosomal recessive spinocerebellar ataxia 12"
"DOID:0080062","autosomal recessive spinocerebellar ataxia 13"
"DOID:0080029","autosomal recessive spinocerebellar ataxia 16"
"DOID:0080042","autosomal recessive spinocerebellar ataxia 18"
"DOID:0110120","Axenfeld-Rieger syndrome type 1"
"DOID:0110122","Axenfeld-Rieger syndrome type 3"
"DOID:0050655","Bamforth-Lazarus syndrome"
"DOID:0110123","Bardet-Biedl syndrome 1"
"DOID:0110132","Bardet-Biedl syndrome 10"
"DOID:0110138","Bardet-Biedl syndrome 16"
"DOID:0110139","Bardet-Biedl syndrome 17"
"DOID:0110140","Bardet-Biedl syndrome 18"
"DOID:0110124","Bardet-Biedl syndrome 2"
"DOID:0110125","Bardet-Biedl syndrome 3"
"DOID:0110126","Bardet-Biedl syndrome 4"
"DOID:0110127","Bardet-Biedl syndrome 5"
"DOID:0110128","Bardet-Biedl syndrome 6"
"DOID:0110130","Bardet-Biedl syndrome 8"
"DOID:9206","Barretts esophagus"
"DOID:0050476","Barth syndrome"
"DOID:0110142","Bartter disease type 1"
"DOID:0110143","Bartter disease type 2"
"DOID:0110144","Bartter disease type 3"
"DOID:0110145","Bartter disease type 4a"
"DOID:0060230","basal ganglia calcification"
"DOID:0050660","Beare-Stevenson cutis gyrata syndrome"
"DOID:9883","Becker muscular dystrophy"
"DOID:5572","Beckwith-Wiedemann syndrome"
"DOID:14264","benign neonatal seizures"
"DOID:2217","Bernard-Soulier syndrome"
"DOID:0050662","bestrophinopathy"
"DOID:3633","beta-mannosidosis"
"DOID:12241","beta thalassemia"
"DOID:0050663","Bethlem myopathy"
"DOID:0090106","BH4-deficient hyperphenylalaninemia A"
"DOID:0112225","BH4-deficient hyperphenylalaninemia B"
"DOID:0050664","Bietti crystalline corneoretinal dystrophy"
"DOID:13608","biliary atresia"
"DOID:856","biotinidase deficiency"
"DOID:0050659","biotin-responsive basal ganglia disease"
"DOID:0111079","birdshot chorioretinopathy"
"DOID:0050676","Birt-Hogg-Dube syndrome"
"DOID:0080174","bladder exstrophy"
"DOID:14778","blepharophimosis, ptosis, and epicanthus inversus syndrome"
"DOID:12305","Bloch-Sulzberger syndrome"
"DOID:2717","Bloom syndrome"
"DOID:0050679","blue cone monochromacy"
"DOID:0050681","Borjeson-Forssman-Lehmann syndrome"
"DOID:0112226","Bosch-Boonstra-Schaaf optic atrophy syndrome"
"DOID:0050683","Bothnia retinal dystrophy"
"DOID:0050684","Bowen-Conradi syndrome"
"DOID:0110964","brachydactyly type A1"
"DOID:0110977","brachydactyly type A1C"
"DOID:0110965","brachydactyly type A2"
"DOID:0110970","brachydactyly type C"
"DOID:0090143","brachyolmia-amelogenesis imperfecta syndrome"
"DOID:0090125","brain small vessel disease 1"
"DOID:0090126","branched-chain keto acid dehydrogenase kinase deficiency"
"DOID:1612","breast cancer"
"DOID:14775","brittle cornea syndrome 1"
"DOID:0060231","Bruck syndrome"
"DOID:0110218","Brugada syndrome 1"
"DOID:0110224","Brugada syndrome 7"
"DOID:0060693","Brunner Syndrome"
"DOID:0060877","bullous congenital ichthyosiform erythroderma"
"DOID:11211","buphthalmos"
"DOID:8584","Burkitt lymphoma"
"DOID:0111035","CADASIL 1"
"DOID:0050463","campomelic dysplasia"
"DOID:4997","Camurati-Engelmann disease"
"DOID:3613","Canavan disease"
"DOID:9280","carbamoyl phosphate synthetase I deficiency disease"
"DOID:0061116","Carey-Fineman-Ziter syndrome 2"
"DOID:0050471","Carney complex"
"DOID:0090129","carnitine palmitoyltransferase I deficiency"
"DOID:0061098","Carpenter syndrome 1"
"DOID:0090128","Carvajal syndrome"
"DOID:83","cataract"
"DOID:0110258","cataract 10 multiple types"
"DOID:0110253","cataract 14 multiple types"
"DOID:0110251","cataract 15 multiple types"
"DOID:0110250","cataract 16 multiple types"
"DOID:0110263","cataract 19 multiple types"
"DOID:0110231","cataract 1 multiple types"
"DOID:0110240","cataract 20 multiple types"
"DOID:0110256","cataract 21 multiple types"
"DOID:0110235","cataract 2 multiple types"
"DOID:0110248","cataract 30"
"DOID:0110236","cataract 39 multiple types"
"DOID:0110269","cataract 3 multiple types"
"DOID:0110234","cataract 4 multiple types"
"DOID:0110255","cataract 5 multiple types"
"DOID:0110229","cataract 6 multiple types"
"DOID:0110266","cataract 9 multiple types"
"DOID:0060675","catecholaminergic polymorphic ventricular tachycardia 1"
"DOID:0060676","catecholaminergic polymorphic ventricular tachycardia 2"
"DOID:0081122","Catel Manzke syndrome"
"DOID:0060694","Cayman type cerebellar ataxia"
"DOID:0060337","CEDNIK syndrome"
"DOID:0081030","central conducting lymphatic anomaly"
"DOID:0112309","central precocious puberty 2"
"DOID:0111742","cerebellar ataxia type 42"
"DOID:0060670","cerebral cavernous malformation 2"
"DOID:0060671","cerebral cavernous malformation 3"
"DOID:0050800","cerebral creatine deficiency syndrome 1"
"DOID:0111248","cerebrocostomandibular syndrome"
"DOID:0050729","Chanarin-Dorfman syndrome"
"DOID:0110163","Charcot-Marie-Tooth disease axonal type 2F"
"DOID:0110167","Charcot-Marie-Tooth disease axonal type 2K"
"DOID:0110175","Charcot-Marie-Tooth disease axonal type 2O"
"DOID:0110169","Charcot-Marie-Tooth disease axonal type 2P"
"DOID:0110170","Charcot-Marie-Tooth disease axonal type 2Q"
"DOID:0110171","Charcot-Marie-Tooth disease axonal type 2S"
"DOID:0110181","Charcot-Marie-Tooth disease axonal type 2Z"
"DOID:0110199","Charcot-Marie-Tooth disease dominant intermediate C"
"DOID:0110203","Charcot-Marie-Tooth disease recessive intermediate D"
"DOID:0110148","Charcot-Marie-Tooth disease type 1A"
"DOID:0110152","Charcot-Marie-Tooth disease type 1B"
"DOID:0110151","Charcot-Marie-Tooth disease type 1C"
"DOID:0110153","Charcot-Marie-Tooth disease type 1E"
"DOID:0110154","Charcot-Marie-Tooth disease type 2A1"
"DOID:0110155","Charcot-Marie-Tooth disease type 2A2A"
"DOID:0110159","Charcot-Marie-Tooth disease type 2B"
"DOID:0110156","Charcot-Marie-Tooth disease type 2B1"
"DOID:0110164","Charcot-Marie-Tooth disease type 2D"
"DOID:0110165","Charcot-Marie-Tooth disease type 2E"
"DOID:0050540","Charcot-Marie-Tooth disease type 3"
"DOID:0110191","Charcot-Marie-Tooth disease type 4B1"
"DOID:0110190","Charcot-Marie-Tooth disease type 4B2"
"DOID:0110194","Charcot-Marie-Tooth disease type 4B3"
"DOID:0110183","Charcot-Marie-Tooth disease type 4C"
"DOID:0110186","Charcot-Marie-Tooth disease type 4D"
"DOID:0110195","Charcot-Marie-Tooth disease type 4E"
"DOID:0110192","Charcot-Marie-Tooth disease type 4H"
"DOID:0110184","Charcot-Marie-Tooth disease type 4J"
"DOID:0080068","Charcot-Marie-Tooth disease type 6"
"DOID:0110209","Charcot-Marie-Tooth disease X-linked dominant 1"
"DOID:0050834","CHARGE syndrome"
"DOID:0050946","Charlevoix-Saguenay spastic ataxia"
"DOID:0060563","Char syndrome"
"DOID:2935","Chediak-Higashi syndrome"
"DOID:1856","cherubism 1"
"DOID:0110915","childhood hypophosphatasia"
"DOID:1949","cholecystitis"
"DOID:0060644","chondrodysplasia-pseudohermaphroditism syndrome"
"DOID:0112224","chondrodysplasia with joint dislocations gPAPP type"
"DOID:0050766","choreaacanthocytosis"
"DOID:9821","choroideremia"
"DOID:2626","choroid plexus papilloma"
"DOID:0060825","Christianson syndrome"
"DOID:0060389","chromosome 10q23 deletion syndrome"
"DOID:0060394","chromosome 15q13.3 microdeletion syndrome"
"DOID:0060404","chromosome 17q12 deletion syndrome"
"DOID:0060434","chromosome 17q21.31 duplication syndrome"
"DOID:0060410","chromosome 1p36 deletion syndrome"
"DOID:0060412","chromosome 1q41-q42 deletion syndrome"
"DOID:0060413","chromosome 22q11.2 deletion syndrome, distal"
"DOID:0060437","chromosome 22q13 duplication syndrome"
"DOID:0060732","chromosome 9p deletion syndrome"
"DOID:1040","chronic lymphocytic leukemia"
"DOID:8552","chronic myeloid leukemia"
"DOID:0060645","chronic recurrent multifocal osteomyelitis"
"DOID:0060357","chylomicron retention disease"
"DOID:0090029","CINCA Syndrome"
"DOID:0080313","cleft palate-lateral synechia syndrome"
"DOID:0110214","cleft soft palate"
"DOID:13994","cleidocranial dysplasia"
"DOID:14693","Clouston syndrome"
"DOID:0080351","CLOVES syndrome"
"DOID:11836","clubfoot"
"DOID:3783","Coffin-Lowry syndrome"
"DOID:0070042","Coffin-Siris syndrome 1"
"DOID:0111590","Cohen syndrome"
"DOID:12270","coloboma"
"DOID:9256","colorectal cancer"
"DOID:0111330","combined saposin deficiency"
"DOID:8354","complement component 3 deficiency"
"DOID:0090138","complex cortical dysplasia with other brain malformations 4"
"DOID:0090132","complex cortical dysplasia with other brain malformations 7"
"DOID:0080101","Compton-North congenital myopathy"
"DOID:0080314","cone-rod dystrophy 14"
"DOID:0111022","cone-rod dystrophy 16"
"DOID:0111024","cone-rod dystrophy 18"
"DOID:0111025","cone-rod dystrophy 19"
"DOID:0111005","cone-rod dystrophy 2"
"DOID:0081447","cone-rod dystrophy 21"
"DOID:0081448","cone-rod dystrophy 22"
"DOID:0111013","cone-rod dystrophy 3"
"DOID:0111011","cone-rod dystrophy 6"
"DOID:0111020","cone-rod dystrophy 9"
"DOID:0050811","congenital adrenal hyperplasia"
"DOID:2236","congenital afibrinogenemia"
"DOID:0112359","congenital anomalies of kidney and urinary tract syndrome with or without hearing loss, abnormal ears, or developmental delay"
"DOID:11367","congenital aphakia"
"DOID:0111066","congenital bile acid synthesis defect 5"
"DOID:0060731","congenital central hypoventilation syndrome"
"DOID:0060646","congenital chylothorax"
"DOID:3827","congenital diaphragmatic hernia"
"DOID:0060776","congenital diarrhea 5 with tufting enteropathy"
"DOID:0070253","congenital disorder of glycosylation type IIa"
"DOID:0070255","congenital disorder of glycosylation type IIc"
"DOID:0111135","congenital generalized lipodystrophy type 1"
"DOID:0111136","congenital generalized lipodystrophy type 2"
"DOID:0111138","congenital generalized lipodystrophy type 4"
"DOID:0112247","congenital heart defects, dysmorphic facial features, and intellectual developmental disorder"
"DOID:0060649","congenital hereditary endothelial dystrophy of cornea"
"DOID:0112014","congenital megabladder"
"DOID:0110636","congenital merosin-deficient muscular dystrophy 1A"
"DOID:0050557","congenital muscular dystrophy"
"DOID:0110639","congenital muscular dystrophy due to integrin alpha-7 deficiency"
"DOID:0110640","congenital muscular dystrophy due to LMNA mutation"
"DOID:0110668","congenital myasthenic syndrome 10"
"DOID:0110675","congenital myasthenic syndrome 11"
"DOID:0110660","congenital myasthenic syndrome 12"
"DOID:0110673","congenital myasthenic syndrome 19"
"DOID:0110666","congenital myasthenic syndrome 3A"
"DOID:0110678","congenital myasthenic syndrome 4A"
"DOID:0110679","congenital myasthenic syndrome 4C"
"DOID:0110667","congenital myasthenic syndrome 5"
"DOID:0110671","congenital myasthenic syndrome 6"
"DOID:0110657","congenital myasthenic syndrome 8"
"DOID:0110670","congenital myasthenic syndrome 9"
"DOID:3529","congenital myopathy 1A"
"DOID:0080991","congenital myopathy 1B"
"DOID:2861","congenital nonspherocytic hemolytic anemia"
"DOID:0111077","congenital nonspherocytic hemolytic anemia 2"
"DOID:0111790","congenital nystagmus 1"
"DOID:0060296","congenital secretory chloride diarrhea 1"
"DOID:0110870","congenital stationary night blindness 1A"
"DOID:0110865","congenital stationary night blindness 1B"
"DOID:0110867","congenital stationary night blindness 1C"
"DOID:0110868","congenital stationary night blindness 1D"
"DOID:0110869","congenital stationary night blindness 1E"
"DOID:0110864","congenital stationary night blindness 1F"
"DOID:0110871","congenital stationary night blindness 2A"
"DOID:0110862","congenital stationary night blindness autosomal dominant 1"
"DOID:0110863","congenital stationary night blindness autosomal dominant 2"
"DOID:0060445","congenital stromal corneal dystrophy"
"DOID:0060287","cornea plana"
"DOID:0080505","Cornelia de Lange syndrome 1"
"DOID:0080507","Cornelia de Lange syndrome 3"
"DOID:0080509","Cornelia de Lange syndrome 5"
"DOID:3393","coronary artery disease"
"DOID:0090130","cortical dysplasia-focal epilepsy syndrome"
"DOID:0090030","corticosteroid-binding globulin deficiency"
"DOID:0090140","cortisone reductase deficiency 2"
"DOID:0050469","Costello syndrome"
"DOID:0050657","Cowden syndrome 1"
"DOID:14737","craniofrontonasal syndrome"
"DOID:2340","craniosynostosis"
"DOID:0112340","craniotubular dysplasia Ikegawa type"
"DOID:11949","Creutzfeldt-Jakob disease"
"DOID:3803","Crigler-Najjar syndrome"
"DOID:2339","Crouzon syndrome"
"DOID:11383","cryptorchidism"
"DOID:13271","cutaneous porphyria"
"DOID:0090142","cystathioninuria"
"DOID:1485","cystic fibrosis"
"DOID:1064","cystinosis"
"DOID:9266","cystinuria"
"DOID:2785","Dandy-Walker syndrome"
"DOID:0050437","Danon disease"
"DOID:0090031","D-bifunctional protein deficiency"
"DOID:0050757","deafness-dystonia-optic neuronopathy syndrome"
"DOID:0111576","dehydrated hereditary stomatocytosis 1"
"DOID:0060162","dentatorubral-pallidoluysian atrophy"
"DOID:0050699","Dent disease"
"DOID:701","dentin dysplasia"
"DOID:4154","dentinogenesis imperfecta"
"DOID:3764","Denys-Drash syndrome"
"DOID:5117","dermoid cyst of ovary"
"DOID:0060462","Desbuquois dysplasia"
"DOID:0070654","desmosterolosis"
"DOID:0050158","desquamative interstitial pneumonia"
"DOID:0080439","developmental and epileptic encephalopathy 14"
"DOID:0080449","developmental and epileptic encephalopathy 16"
"DOID:0080450","developmental and epileptic encephalopathy 17"
"DOID:0080467","developmental and epileptic encephalopathy 2"
"DOID:0080435","developmental and epileptic encephalopathy 37"
"DOID:0080349","developmental and epileptic encephalopathy 39"
"DOID:0080456","developmental and epileptic encephalopathy 46"
"DOID:0080418","developmental and epileptic encephalopathy 54"
"DOID:0080462","developmental and epileptic encephalopathy 7"
"DOID:0080215","developmental and epileptic encephalopathy 8"
"DOID:0060770","dextro-looped transposition of the great arteries"
"DOID:0111879","Diamond-Blackfan anemia 6"
"DOID:0111878","Diamond-Blackfan anemia 7"
"DOID:14687","diastrophic dysplasia"
"DOID:0060650","dicarboxylic aminoaciduria"
"DOID:6652","diffuse idiopathic skeletal hyperostosis"
"DOID:11198","DiGeorge syndrome"
"DOID:0110425","dilated cardiomyopathy 1A"
"DOID:0110423","dilated cardiomyopathy 1C"
"DOID:0110424","dilated cardiomyopathy 1CC"
"DOID:0110426","dilated cardiomyopathy 1D"
"DOID:0110447","dilated cardiomyopathy 1DD"
"DOID:0110433","dilated cardiomyopathy 1E"
"DOID:0110453","dilated cardiomyopathy 1EE"
"DOID:0110430","dilated cardiomyopathy 1G"
"DOID:0110448","dilated cardiomyopathy 1HH"
"DOID:0110431","dilated cardiomyopathy 1I"
"DOID:0110436","dilated cardiomyopathy 1L"
"DOID:0110449","dilated cardiomyopathy 1M"
"DOID:0110439","dilated cardiomyopathy 1P"
"DOID:0110456","dilated cardiomyopathy 1R"
"DOID:0110457","dilated cardiomyopathy 1Y"
"DOID:0081162","dilated cardiomyopathy 2F"
"DOID:0070477","diphthamide deficiency syndrome 1"
"DOID:0060021","DNA ligase IV deficiency"
"DOID:0090144","Donnai-Barrow syndrome"
"DOID:0090145","dopamine beta-hydroxylase deficiency"
"DOID:6406","double outlet right ventricle"
"DOID:14250","Down syndrome"
"DOID:0060745","Doyne honeycomb retinal dystrophy"
"DOID:0080422","Dravet syndrome"
"DOID:0060747","Duane-radial ray syndrome"
"DOID:12557","Duane retraction syndrome"
"DOID:12308","Dubin-Johnson syndrome"
"DOID:11723","Duchenne muscular dystrophy"
"DOID:0060484","EAST syndrome"
"DOID:14289","Ebstein anomaly"
"DOID:0111664","ectodermal dysplasia 1"
"DOID:0060783","ectrodactyly, ectodermal dysplasia, and cleft lip-palate syndrome 3"
"DOID:14720","Ehlers-Danlos syndrome classic type 1"
"DOID:12714","Ellis-Van Creveld syndrome"
"DOID:0060641","endocrine-cerebro-osteodysplasia syndrome"
"DOID:1380","endometrial cancer"
"DOID:0090059","enhanced S-cone syndrome"
"DOID:4644","epidermolysis bullosa simplex"
"DOID:0060735","epidermolysis bullosa simplex Dowling-Meara type"
"DOID:0060736","epidermolysis bullosa simplex Ogna type"
"DOID:0090017","epidermolysis bullosa simplex with muscular dystrophy"
"DOID:0050989","episodic ataxia type 1"
"DOID:0050990","episodic ataxia type 2"
"DOID:0090053","episodic kinesigenic dyskinesia 1"
"DOID:13270","erythropoietic protoporphyria"
"DOID:0080171","esophageal atresia/tracheoesophageal fistula"
"DOID:5041","esophageal cancer"
"DOID:10825","essential hypertension"
"DOID:2224","essential thrombocythemia"
"DOID:0060640","ethylmalonic encephalopathy"
"DOID:13641","exfoliation syndrome"
"DOID:0050909","extranodal marginal zone lymphoma of mucosa-associated lymphoid tissue"
"DOID:14499","Fabry disease"
"DOID:2216","factor V deficiency"
"DOID:12134","factor VIII deficiency"
"DOID:2229","factor XI deficiency"
"DOID:2231","factor XII deficiency"
"DOID:2211","factor XIII deficiency"
"DOID:0050650","familial atrial fibrillation"
"DOID:0060761","familial chronic myelocytic leukemia-like syndrome"
"DOID:0090062","familial cold autoinflammatory syndrome 1"
"DOID:0090065","familial cold autoinflammatory syndrome 4"
"DOID:0050831","familial encephalopathy with neuroserpin inclusion bodies"
"DOID:0111731","familial episodic pain syndrome 3"
"DOID:0060474","familial erythrocytosis 2"
"DOID:0111182","familial hemiplegic migraine 2"
"DOID:0110922","familial hemophagocytic lymphohistiocytosis 2"
"DOID:0110923","familial hemophagocytic lymphohistiocytosis 3"
"DOID:0110924","familial hemophagocytic lymphohistiocytosis 4"
"DOID:13810","familial hypercholesterolemia"
"DOID:0070216","familial hyperinsulinemic hypoglycemia 3"
"DOID:0111061","familial hypobetalipoproteinemia 2"
"DOID:0060700","familial hypocalciuric hypercalcemia 1"
"DOID:0090028","familial isolated deficiency of vitamin E"
"DOID:14118","familial lipoprotein lipase deficiency"
"DOID:2987","familial Mediterranean fever"
"DOID:0050547","familial medullary thyroid carcinoma"
"DOID:0060748","familial temporal lobe epilepsy 1"
"DOID:0111095","Fanconi anemia complementation group A"
"DOID:0111087","Fanconi anemia complementation group C"
"DOID:0111089","Fanconi anemia complementation group D1"
"DOID:0111083","Fanconi anemia complementation group D2"
"DOID:0090066","Fanconi-like syndrome"
"DOID:0050464","Farber lipogranulomatosis"
"DOID:0050433","fatal familial insomnia"
"DOID:0060464","Feingold syndrome"
"DOID:0060647","fetal encasement syndrome"
"DOID:13374","fibrodysplasia ossificans progressiva"
"DOID:0050790","fibular hypoplasia and complex brachydactyly"
"DOID:0050637","Finnish type amyloidosis"
"DOID:2120","focal dermal hypoplasia"
"DOID:0111128","focal segmental glomerulosclerosis 1"
"DOID:0111129","focal segmental glomerulosclerosis 2"
"DOID:0112245","focal segmental glomerulosclerosis 3"
"DOID:3962","follicular thyroid carcinoma"
"DOID:0070531","foveal hypoplasia 2"
"DOID:0050879","fragile X-associated tremor/ataxia syndrome"
"DOID:14261","fragile X syndrome"
"DOID:0081047","frontonasal dysplasia 3"
"DOID:9255","frontotemporal dementia"
"DOID:0060213","frontotemporal dementia and/or amyotrophic lateral sclerosis 1"
"DOID:11555","Fuchs endothelial dystrophy"
"DOID:14500","fucosidosis"
"DOID:0090067","Fuhrmann syndrome"
"DOID:0050559","Fukuyama congenital muscular dystrophy"
"DOID:11105","fundus albipunctatus"
"DOID:0070048","GAND syndrome"
"DOID:8534","gastroesophageal reflux disease"
"DOID:9253","gastrointestinal stromal tumor"
"DOID:11044","gastroschisis"
"DOID:0110957","Gauchers disease type I"
"DOID:0110958","Gauchers disease type II"
"DOID:0111725","geleophysic dysplasia 1"
"DOID:1827","generalized epilepsy"
"DOID:4249","Gerstmann-Straussler-Scheinker syndrome"
"DOID:0090068","giant axonal neuropathy 1"
"DOID:11119","Gilles de la Tourette syndrome"
"DOID:0050450","Gitelman syndrome"
"DOID:2219","Glanzmanns thrombasthenia"
"DOID:0070561","glucose transporter type 1 deficiency syndrome 1"
"DOID:0111254","glutaric acidemia I"
"DOID:0112246","glutaric acidemia type 3"
"DOID:0060363","glycerol kinase deficiency"
"DOID:0111037","glycine N-methyltransferase deficiency"
"DOID:2749","glycogen storage disease Ia"
"DOID:0081330","glycogen storage disease Ib"
"DOID:2752","glycogen storage disease II"
"DOID:2748","glycogen storage disease III"
"DOID:2750","glycogen storage disease IV"
"DOID:0111041","glycogen storage disease IXb"
"DOID:0111040","glycogen storage disease IXd"
"DOID:2746","glycogen storage disease V"
"DOID:2754","glycogen storage disease VI"
"DOID:11721","glycogen storage disease VII"
"DOID:0050579","glycogen storage disease XV"
"DOID:3343","glycoproteinosis"
"DOID:4795","GM2 gangliosidosis, AB variant"
"DOID:0111533","gnathodiaphyseal dysplasia"
"DOID:0060481","Goldberg-Shprintzen syndrome"
"DOID:2907","Goldenhar syndrome"
"DOID:0111455","GRACILE syndrome"
"DOID:0111044","gray platelet syndrome"
"DOID:14761","Greig cephalopolysyndactyly syndrome"
"DOID:0060832","Griscelli syndrome type 1"
"DOID:0060672","Grn-related frontotemporal lobar degeneration with Tdp43 inclusions"
"DOID:0050799","guanidinoacetate methyltransferase deficiency"
"DOID:12842","Guillain-Barre syndrome"
"DOID:1415","gyrate atrophy"
"DOID:2736","Hajdu-Cheney syndrome"
"DOID:0060739","hand-foot-genital syndrome"
"DOID:1060","Hartnup disease"
"DOID:0070058","Helsmoortel-Van Der Aa Syndrome"
"DOID:2352","hemochromatosis"
"DOID:0111029","hemochromatosis type 1"
"DOID:0111027","hemochromatosis type 2A"
"DOID:0111032","hemochromatosis type 2B"
"DOID:0111030","hemochromatosis type 3"
"DOID:0111028","hemochromatosis type 4"
"DOID:12259","hemophilia B"
"DOID:684","hepatocellular carcinoma"
"DOID:13269","hereditary coproporphyria"
"DOID:2373","hereditary elliptocytosis"
"DOID:1270","hereditary hemorrhagic telangiectasia"
"DOID:0050947","hereditary hypophosphatemic rickets with hypercalciuria"
"DOID:206","hereditary multiple exostoses"
"DOID:0060843","hereditary neuropathy with liability to pressure palsies"
"DOID:0090120","hereditary neutrophilia"
"DOID:0070151","hereditary sensory and autonomic neuropathy type 6"
"DOID:0110764","hereditary spastic paraplegia 11"
"DOID:0110766","hereditary spastic paraplegia 13"
"DOID:0110768","hereditary spastic paraplegia 15"
"DOID:0110773","hereditary spastic paraplegia 2"
"DOID:0110782","hereditary spastic paraplegia 31"
"DOID:0110786","hereditary spastic paraplegia 35"
"DOID:0110792","hereditary spastic paraplegia 4"
"DOID:0110800","hereditary spastic paraplegia 48"
"DOID:0110806","hereditary spastic paraplegia 54"
"DOID:0110816","hereditary spastic paraplegia 7"
"DOID:0112341","hereditary spastic paraplegia 80"
"DOID:0110916","hereditary spherocytosis type 1"
"DOID:0110918","hereditary spherocytosis type 3"
"DOID:0110919","hereditary spherocytosis type 4"
"DOID:0060539","Hermansky-Pudlak syndrome 1"
"DOID:0060540","Hermansky-Pudlak syndrome 2"
"DOID:0060541","Hermansky-Pudlak syndrome 3"
"DOID:0060542","Hermansky-Pudlak syndrome 4"
"DOID:0060543","Hermansky-Pudlak syndrome 5"
"DOID:0060544","Hermansky-Pudlak syndrome 6"
"DOID:0060545","Hermansky-Pudlak syndrome 7"
"DOID:0060546","Hermansky-Pudlak syndrome 8"
"DOID:0060547","Hermansky-Pudlak syndrome 9"
"DOID:0111628","high myopia-sensorineural deafness syndrome"
"DOID:10487","Hirschsprungs disease"
"DOID:0081168","HMG-CoA synthase 2 deficiency"
"DOID:0110877","holoprosencephaly 11"
"DOID:0110872","holoprosencephaly 2"
"DOID:0110875","holoprosencephaly 3"
"DOID:0110878","holoprosencephaly 5"
"DOID:0060468","Holt-Oram syndrome"
"DOID:9263","homocystinuria"
"DOID:321","HTLV-1-associated myelopathy/tropical spastic paraparesis"
"DOID:12858","Huntingtons disease"
"DOID:0090104","Huntingtons disease-like 2"
"DOID:10908","hydrocephalus"
"DOID:9278","hyperargininemia"
"DOID:0060696","hyperekplexia 1"
"DOID:0060697","hyperekplexia 2"
"DOID:0060698","hyperekplexia 3"
"DOID:9279","hyperhomocysteinemia"
"DOID:3261","hyper IgE recurrent infection syndrome 1"
"DOID:0081450","hyperimmunoglobulinemia D periodic fever syndrome"
"DOID:14451","hyperkalemic periodic paralysis"
"DOID:13543","hyperparathyroidism"
"DOID:0111063","hyperphosphatemic familial tumoral calcinosis"
"DOID:0060569","hypertrichotic osteochondrodysplasia Cantu type"
"DOID:0110307","hypertrophic cardiomyopathy 1"
"DOID:0110316","hypertrophic cardiomyopathy 10"
"DOID:0110317","hypertrophic cardiomyopathy 11"
"DOID:0110318","hypertrophic cardiomyopathy 12"
"DOID:0110319","hypertrophic cardiomyopathy 13"
"DOID:0110320","hypertrophic cardiomyopathy 14"
"DOID:0110322","hypertrophic cardiomyopathy 16"
"DOID:0110308","hypertrophic cardiomyopathy 2"
"DOID:0110326","hypertrophic cardiomyopathy 20"
"DOID:0110309","hypertrophic cardiomyopathy 3"
"DOID:0110310","hypertrophic cardiomyopathy 4"
"DOID:0110312","hypertrophic cardiomyopathy 6"
"DOID:0110313","hypertrophic cardiomyopathy 7"
"DOID:0110314","hypertrophic cardiomyopathy 8"
"DOID:12638","hypertrophic pyloric stenosis"
"DOID:0080041","hypochondroplasia"
"DOID:0090071","hypogonadotropic hypogonadism 11 with or without anosmia"
"DOID:0090072","hypogonadotropic hypogonadism 12 with or without anosmia"
"DOID:0090073","hypogonadotropic hypogonadism 13 with or without anosmia"
"DOID:0090078","hypogonadotropic hypogonadism 7 with or without anosmia"
"DOID:0090074","hypogonadotropic hypogonadism 8 with or without anosmia"
"DOID:14452","hypokalemic periodic paralysis"
"DOID:0060787","hypomyelinating leukodystrophy 2"
"DOID:0060798","hypomyelinating leukodystrophy 6"
"DOID:0060794","hypomyelinating leukodystrophy 7"
"DOID:0060878","hypoparathyroidism-deafness-renal disease syndrome"
"DOID:9955","hypoplastic left heart syndrome"
"DOID:0060858","hypotonia-cystinuria syndrome"
"DOID:0110710","hypotrichosis 13"
"DOID:0110701","hypotrichosis 4"
"DOID:0110703","hypotrichosis 6"
"DOID:1702","ichthyosis vulgaris"
"DOID:12559","idiopathic juvenile osteoporosis"
"DOID:2986","IgA glomerulonephritis"
"DOID:0111140","IGSF1 deficiency syndrome"
"DOID:0090110","immune dysregulation-polyendocrinopathy-enteropathy-X-linked syndrome"
"DOID:0111936","immunodeficiency 14"
"DOID:0111960","immunodeficiency 15A"
"DOID:0112061","immunodeficiency 73b with defective neutrophil chemotaxis and lymphopenia"
"DOID:0090008","immunodeficiency-centromeric instability-facial anomalies syndrome 1"
"DOID:0060758","immunodeficiency with hyper-IgM type 2"
"DOID:3429","inclusion body myositis"
"DOID:0110914","infantile hypophosphatasia"
"DOID:0080109","infantile myofibromatosis"
"DOID:0110892","inflammatory bowel disease 1"
"DOID:0110885","inflammatory bowel disease 10"
"DOID:0110887","inflammatory bowel disease 12"
"DOID:0110893","inflammatory bowel disease 13"
"DOID:0110896","inflammatory bowel disease 16"
"DOID:0060603","isolated anhidrosis with normal sweat glands"
"DOID:0110213","isolated cleft palate"
"DOID:0111717","isolated cryptophthalmia"
"DOID:0060873","isolated growth hormone deficiency type IA"
"DOID:0060872","isolated growth hormone deficiency type II"
"DOID:0060835","isolated microphthalmia 6"
"DOID:0081357","isolated mitochondrial myopathy"
"DOID:2842","Jervell-Lange Nielsen syndrome"
"DOID:14694","Johanson-Blizzard syndrome"
"DOID:0110986","Joubert syndrome 17"
"DOID:0110995","Joubert syndrome 26"
"DOID:0110998","Joubert syndrome 3"
"DOID:0080279","Joubert syndrome 33"
"DOID:0111000","Joubert syndrome 5"
"DOID:0111001","Joubert syndrome 6"
"DOID:0111002","Joubert syndrome 7"
"DOID:0060737","junctional epidermolysis bullosa Herlitz type"
"DOID:0060738","junctional epidermolysis bullosa non-Herlitz type"
"DOID:0060733","junctional epidermolysis bullosa with pyloric atresia"
"DOID:1068","juvenile glaucoma"
"DOID:0050458","juvenile myelomonocytic leukemia"
"DOID:4890","juvenile myoclonic epilepsy"
"DOID:0050787","juvenile polyposis syndrome"
"DOID:12376","juvenile spinal muscular atrophy"
"DOID:0060473","Kabuki syndrome"
"DOID:0060911","karyomegalic interstitial nephritis"
"DOID:0111456","Kaufman oculocerebrofacial syndrome"
"DOID:14780","KBG syndrome"
"DOID:12934","Kearns-Sayre syndrome"
"DOID:0060161","Kennedys disease"
"DOID:10126","keratoconus"
"DOID:2734","keratosis follicularis"
"DOID:0060472","Kindler syndrome"
"DOID:0112383","KINSSHIP syndrome"
"DOID:0060352","Kleefstra syndrome 1"
"DOID:0111668","Kohlschutter-Tonz syndrome"
"DOID:0050880","Koolen de Vries syndrome"
"DOID:10587","Krabbe disease"
"DOID:0060556","Kufor-Rakeb syndrome"
"DOID:0050574","L-2-hydroxyglutaric aciduria"
"DOID:0050331","lacrimoauriculodentodigital syndrome 1"
"DOID:3534","Lafora disease"
"DOID:2571","Langerhans-cell histiocytosis"
"DOID:9521","Laron syndrome"
"DOID:0060869","late-onset retinal degeneration"
"DOID:0110078","Leber congenital amaurosis 1"
"DOID:0110291","Leber congenital amaurosis 10"
"DOID:0110080","Leber congenital amaurosis 12"
"DOID:0110188","Leber congenital amaurosis 14"
"DOID:0081169","Leber congenital amaurosis 19"
"DOID:0110016","Leber congenital amaurosis 2"
"DOID:0110331","Leber congenital amaurosis 3"
"DOID:0110332","Leber congenital amaurosis 4"
"DOID:0110215","Leber congenital amaurosis 5"
"DOID:0110329","Leber congenital amaurosis 6"
"DOID:0110333","Leber congenital amaurosis 7"
"DOID:0110079","Leber congenital amaurosis 8"
"DOID:0110005","Leber congenital amaurosis 9"
"DOID:705","Leber hereditary optic neuropathy"
"DOID:0060480","left ventricular noncompaction"
"DOID:3652","Leigh disease"
"DOID:0050561","Lennox-Gastaut syndrome"
"DOID:0060847","Leri-Weill dyschondrosteosis"
"DOID:1919","Lesch-Nyhan syndrome"
"DOID:0090101","lethal congenital glycogen storage disease of heart"
"DOID:0110910","leukocyte adhesion deficiency 1"
"DOID:0110912","leukocyte adhesion deficiency 3"
"DOID:12217","Lewy body dementia"
"DOID:0050477","Liddle syndrome"
"DOID:0061186","long chain 3-hydroxyacyl-CoA dehydrogenase deficiency"
"DOID:0110644","long QT syndrome 1"
"DOID:0110646","long QT syndrome 3"
"DOID:1324","lung cancer"
"DOID:0060439","lysinuric protein intolerance"
"DOID:1440","Machado-Joseph disease"
"DOID:0060867","macrocephaly-autism syndrome"
"DOID:0112306","Mahvash Disease"
"DOID:1470","major depressive disorder"
"DOID:0060862","mal de Meleda"
"DOID:0060365","mandibulofacial dysostosis with alopecia"
"DOID:9269","maple syrup urine disease"
"DOID:14323","Marfan syndrome"
"DOID:0081075","Marsili syndrome"
"DOID:0060246","MASA syndrome"
"DOID:350","mastocytosis"
"DOID:0060245","Mast syndrome"
"DOID:0111099","maturity-onset diabetes of the young type 1"
"DOID:0111100","maturity-onset diabetes of the young type 2"
"DOID:0111102","maturity-onset diabetes of the young type 3"
"DOID:0111103","maturity-onset diabetes of the young type 4"
"DOID:1858","McCune Albright syndrome"
"DOID:0080153","medium chain acyl-CoA dehydrogenase deficiency"
"DOID:0050902","medulloblastoma"
"DOID:0110632","megaconial type congenital muscular dystrophy"
"DOID:0111403","mega-corpus-callosum syndrome with cerebellar hypoplasia and cortical malformations"
"DOID:0060610","megacystis-microcolon-intestinal hypoperistalsis syndrome"
"DOID:0080316","megalencephalic leukoencephalopathy with subcortical cysts 1"
"DOID:1595","melancholic depression"
"DOID:3687","MELAS syndrome"
"DOID:2920","membranoproliferative glomerulonephritis"
"DOID:1838","Menkes disease"
"DOID:0080208","metabolic dysfunction-associated steatotic liver disease"
"DOID:10581","metachromatic leukodystrophy"
"DOID:0111814","methylmalonic acidemia and homocysteinemia cblX type"
"DOID:0060741","methylmalonic acidemia due to transcobalamin receptor defect"
"DOID:0050715","methylmalonic aciduria and homocystinuria type cblC"
"DOID:0060740","methylmalonic aciduria due to methylmalonyl-CoA mutase deficiency"
"DOID:5812","MHC class II deficiency"
"DOID:0060609","microcephalic osteodysplastic primordial dwarfism type II"
"DOID:11252","microcytic anemia"
"DOID:0060861","microphthalmia with limb anomalies"
"DOID:0060775","microvillus inclusion disease"
"DOID:0060469","Miller-Dieker lissencephaly syndrome"
"DOID:0080111","mitochondrial complex III deficiency nuclear type 1"
"DOID:0080120","mitochondrial DNA depletion syndrome 2"
"DOID:0080121","mitochondrial DNA depletion syndrome 3"
"DOID:0080124","mitochondrial DNA depletion syndrome 5"
"DOID:0080126","mitochondrial DNA depletion syndrome 7"
"DOID:699","mitochondrial myopathy"
"DOID:988","mitral valve prolapse"
"DOID:0111164","molybdenum cofactor deficiency type A"
"DOID:0111163","molybdenum cofactor deficiency type B"
"DOID:0080141","mosaic variegated aneuploidy syndrome 1"
"DOID:0060485","Mowat-Wilson syndrome"
"DOID:0080070","mucolipidosis II alpha/beta"
"DOID:0080490","mucolipidosis type IV"
"DOID:12799","mucopolysaccharidosis II"
"DOID:12801","mucopolysaccharidosis III"
"DOID:0050809","mucopolysaccharidosis IX"
"DOID:12803","mucopolysaccharidosis type VII"
"DOID:12800","mucopolysaccharidosis VI"
"DOID:0050441","mucosulfatidosis"
"DOID:0060703","Muenke Syndrome"
"DOID:0050465","Muir-Torre syndrome"
"DOID:0050436","mulibrey nanism"
"DOID:0111534","multicentric carpotarsal osteolysis syndrome"
"DOID:10017","multiple endocrine neoplasia type 1"
"DOID:10016","multiple endocrine neoplasia type 2B"
"DOID:0070299","multiple epiphyseal dysplasia 5"
"DOID:9538","multiple myeloma"
"DOID:2377","multiple sclerosis"
"DOID:9884","muscular dystrophy"
"DOID:0050588","muscular dystrophy-dystroglycanopathy type B1"
"DOID:0110635","muscular dystrophy-dystroglycanopathy type B5"
"DOID:0110637","muscular dystrophy-dystroglycanopathy type B6"
"DOID:0050908","myelodysplastic syndrome"
"DOID:4971","myelofibrosis"
"DOID:0060651","MYH-9 related disease"
"DOID:0090034","myoclonic dystonia 11"
"DOID:0080092","myofibrillar myopathy 1"
"DOID:0080094","myofibrillar myopathy 3"
"DOID:0080096","myofibrillar myopathy 5"
"DOID:0080097","myofibrillar myopathy 6"
"DOID:11830","myopia"
"DOID:633","myositis"
"DOID:0111072","myostatin-related muscle hypertrophy"
"DOID:11722","myotonic dystrophy type 1"
"DOID:9467","nail-patella syndrome"
"DOID:0060599","Nance-Horan syndrome"
"DOID:0080634","nanophthalmos"
"DOID:8986","narcolepsy"
"DOID:0090112","Nasu-Hakola disease"
"DOID:0110926","nemaline myopathy 1"
"DOID:0110931","nemaline myopathy 10"
"DOID:0110933","nemaline myopathy 11"
"DOID:0110928","nemaline myopathy 2"
"DOID:0110927","nemaline myopathy 3"
"DOID:0110936","nemaline myopathy 5A"
"DOID:0110935","nemaline myopathy 6"
"DOID:0110930","nemaline myopathy 8"
"DOID:0060638","neonatal diabetes mellitus with congenital hypothyroidism"
"DOID:2154","nephroblastoma"
"DOID:0111112","nephronophthisis 1"
"DOID:0111113","nephronophthisis 2"
"DOID:0111114","nephronophthisis 3"
"DOID:0111115","nephronophthisis 4"
"DOID:0111116","nephronophthisis 7"
"DOID:0050474","Netherton syndrome"
"DOID:0080074","neural tube defect"
"DOID:0110735","neurodegeneration with brain iron accumulation 2a"
"DOID:0110737","neurodegeneration with brain iron accumulation 3"
"DOID:0110739","neurodegeneration with brain iron accumulation 5"
"DOID:0110740","neurodegeneration with brain iron accumulation 6"
"DOID:0070514","neurodevelopmental disorder with dysmorphic facies and distal limb anomalies"
"DOID:0112276","neurodevelopmental disorder with involuntary movements"
"DOID:0080312","neurodevelopmental disorder with midbrain and hindbrain malformations"
"DOID:0081444","neurodevelopmental disorder with poor growth and behavioral abnormalities"
"DOID:0111253","neurofibromatosis 1"
"DOID:0090124","neurogenic-type arthrogryposis multiplex congenita-2"
"DOID:12388","neurohypophyseal diabetes insipidus"
"DOID:0110721","neuronal ceroid lipofuscinosis 1"
"DOID:0110725","neuronal ceroid lipofuscinosis 10"
"DOID:0110726","neuronal ceroid lipofuscinosis 2"
"DOID:0110731","neuronal ceroid lipofuscinosis 3"
"DOID:0110728","neuronal ceroid lipofuscinosis 5"
"DOID:0110729","neuronal ceroid lipofuscinosis 6A"
"DOID:0110722","neuronal ceroid lipofuscinosis 7"
"DOID:0110723","neuronal ceroid lipofuscinosis 8"
"DOID:12716","newborn respiratory distress syndrome"
"DOID:0070113","Niemann-Pick disease type C1"
"DOID:7400","Nijmegen breakage syndrome"
"DOID:0060060","non-Hodgkin lymphoma"
"DOID:0050387","nonpapillary renal cell carcinoma"
"DOID:0060929","non-syndromic X-linked intellectual developmental disorder 111"
"DOID:0050776","non-syndromic X-linked intellectual disability"
"DOID:0112051","non-syndromic X-linked intellectual disability 30"
"DOID:0112059","non-syndromic X-linked intellectual disability 72"
"DOID:0112034","non-syndromic X-linked intellectual disability 9"
"DOID:0112044","non-syndromic X-linked intellectual disability 98"
"DOID:0060578","Noonan syndrome 1"
"DOID:0060588","Noonan syndrome 10"
"DOID:0060581","Noonan syndrome 3"
"DOID:0060582","Noonan syndrome 4"
"DOID:0060583","Noonan syndrome 5"
"DOID:0060586","Noonan syndrome 8"
"DOID:1572","normal pressure hydrocephalus"
"DOID:0060844","Norrie disease"
"DOID:1391","Norum disease"
"DOID:0112072","nuclear type mitochondrial complex I deficiency 20"
"DOID:9970","obesity"
"DOID:0050848","obstructive sleep apnea"
"DOID:0050633","ocular albinism 1"
"DOID:0060482","oculoauricular syndrome"
"DOID:0060291","oculodentodigital dysplasia"
"DOID:11719","oculopharyngeal muscular dystrophy"
"DOID:0110713","Oguchi disease-2"
"DOID:0060010","Omenn syndrome"
"DOID:0060327","omphalocele"
"DOID:1067","open-angle glaucoma"
"DOID:0080697","Opitz GBBB syndrome"
"DOID:9271","ornithine carbamoyltransferase deficiency"
"DOID:0060316","orofaciodigital syndrome I"
"DOID:0060887","ossification of the posterior longitudinal ligament of spine"
"DOID:0110334","osteogenesis imperfecta type 1"
"DOID:0110346","osteogenesis imperfecta type 10"
"DOID:0110341","osteogenesis imperfecta type 2"
"DOID:0110339","osteogenesis imperfecta type 3"
"DOID:0110340","osteogenesis imperfecta type 4"
"DOID:0110344","osteogenesis imperfecta type 5"
"DOID:0110350","osteogenesis imperfecta type 6"
"DOID:0110337","osteogenesis imperfecta type 7"
"DOID:0110336","osteogenesis imperfecta type 8"
"DOID:0110349","osteogenesis imperfecta type 9"
"DOID:0060886","osteopathia striata with cranial sclerosis"
"DOID:11476","osteoporosis"
"DOID:0060849","osteoporosis-pseudoglioma syndrome"
"DOID:3347","osteosarcoma"
"DOID:0080026","otospondylomegaepiphyseal dysplasia, autosomal recessive"
"DOID:2394","ovarian cancer"
"DOID:5425","ovarian hyperstimulation syndrome"
"DOID:9248","Pallister-Hall syndrome"
"DOID:0111506","palmoplantar keratoderma-esophageal carcinoma syndrome"
"DOID:4905","pancreatic carcinoma"
"DOID:4989","pancreatitis"
"DOID:3969","papillary thyroid carcinoma"
"DOID:0060285","parietal foramina"
"DOID:0060367","Parkinsons disease 1"
"DOID:0060900","Parkinsons disease 14"
"DOID:0060897","Parkinsons disease 17"
"DOID:0060368","Parkinsons disease 2"
"DOID:0060895","Parkinsons disease 4"
"DOID:0060369","Parkinsons disease 6"
"DOID:0060370","Parkinsons disease 7"
"DOID:0060371","Parkinsons disease 8"
"DOID:0090049","paroxysmal nonkinesigenic dyskinesia 1"
"DOID:9822","partial central choroid dystrophy"
"DOID:13832","patent ductus arteriosus"
"DOID:0060866","patterned macular dystrophy 1"
"DOID:0060864","patterned macular dystrophy 2"
"DOID:0090111","PCWH syndrome"
"DOID:9631","Pelger-Huet anomaly"
"DOID:3210","Pelizaeus-Merzbacher disease"
"DOID:0060851","pemphigus vulgaris"
"DOID:0060744","Pendred Syndrome"
"DOID:0050454","periventricular nodular heterotopia"
"DOID:0060476","Perlman syndrome"
"DOID:0060639","permanent neonatal diabetes mellitus"
"DOID:0050797","peroxisomal acyl-CoA oxidase deficiency"
"DOID:0050857","Perrault syndrome"
"DOID:0060486","Perry syndrome"
"DOID:13042","persistent fetal circulation syndrome"
"DOID:0060282","persistent hyperplastic primary vitreous"
"DOID:0050791","persistent Mullerian duct syndrome"
"DOID:0060673","Peters anomaly"
"DOID:0080201","Peters plus syndrome"
"DOID:3852","Peutz-Jeghers syndrome"
"DOID:14705","Pfeiffer syndrome"
"DOID:0080181","PHARC syndrome"
"DOID:0080354","Phelan-McDermid syndrome"
"DOID:9281","phenylketonuria"
"DOID:0050771","pheochromocytoma"
"DOID:11870","Picks disease"
"DOID:3263","piebaldism"
"DOID:0081362","Pierpont syndrome"
"DOID:0060852","Pierson syndrome"
"DOID:0060680","pigment dispersion syndrome"
"DOID:0060488","Pitt-Hopkins syndrome"
"DOID:9212","pityriasis rubra pilaris"
"DOID:2223","platelet storage pool deficiency"
"DOID:0111046","platelet-type bleeding disorder 10"
"DOID:0060691","platelet-type bleeding disorder 16"
"DOID:0060692","platelet-type bleeding disorder 8"
"DOID:0110858","polycystic kidney disease 1"
"DOID:0110859","polycystic kidney disease 2"
"DOID:0080212","polycystic kidney disease 4"
"DOID:11612","polycystic ovary syndrome"
"DOID:8997","polycythemia vera"
"DOID:1148","polydactyly"
"DOID:0060279","pontocerebellar hypoplasia type 10"
"DOID:0112325","pontocerebellar hypoplasia type 14"
"DOID:0060055","popliteal pterygium syndrome"
"DOID:0060853","Potocki-Lupski syndrome"
"DOID:11983","Prader-Willi syndrome"
"DOID:10591","pre-eclampsia"
"DOID:0070293","primary autosomal recessive microcephaly 2 with or without cortical malformations"
"DOID:0110594","primary ciliary dyskinesia 1"
"DOID:0110612","primary ciliary dyskinesia 10"
"DOID:0110598","primary ciliary dyskinesia 14"
"DOID:0110608","primary ciliary dyskinesia 19"
"DOID:0110626","primary ciliary dyskinesia 2"
"DOID:0110596","primary ciliary dyskinesia 21"
"DOID:0110597","primary ciliary dyskinesia 22"
"DOID:0110609","primary ciliary dyskinesia 23"
"DOID:0110615","primary ciliary dyskinesia 25"
"DOID:0110599","primary ciliary dyskinesia 3"
"DOID:0110624","primary ciliary dyskinesia 30"
"DOID:0110619","primary ciliary dyskinesia 33"
"DOID:0110620","primary ciliary dyskinesia 35"
"DOID:0110605","primary ciliary dyskinesia 7"
"DOID:0070241","primary coenzyme Q10 deficiency 4"
"DOID:446","primary hyperaldosteronism"
"DOID:0111670","primary hyperoxaluria type 1"
"DOID:0111671","primary hyperoxaluria type 2"
"DOID:11202","primary hyperparathyroidism"
"DOID:612","primary immunodeficiency disease"
"DOID:1070","primary open angle glaucoma"
"DOID:0080869","primary ovarian insufficiency 12"
"DOID:0080870","primary ovarian insufficiency 13"
"DOID:0080873","primary ovarian insufficiency 16"
"DOID:0112278","primary ovarian insufficiency 19"
"DOID:14557","primary pulmonary hypertension"
"DOID:0060643","primary sclerosing cholangitis"
"DOID:3911","progeria"
"DOID:0111074","progressive familial heart block type IA"
"DOID:891","progressive myoclonus epilepsy"
"DOID:0111448","progressive myoclonus epilepsy 1B"
"DOID:0090004","progressive pseudorheumatoid arthropathy of childhood"
"DOID:0111666","proliferative vasculopathy and hydranencephaly-hydrocephaly syndrome"
"DOID:14701","propionic acidemia"
"DOID:10283","prostate cancer"
"DOID:13482","Proteus syndrome"
"DOID:0080047","pseudoachondroplasia"
"DOID:0080053","pseudohypoparathyroidism type 1A"
"DOID:4183","pseudopseudohypoparathyroidism"
"DOID:2738","pseudoxanthoma elasticum"
"DOID:0080475","psoriasis 2"
"DOID:12120","pulmonary alveolar proteinosis"
"DOID:9675","pulmonary emphysema"
"DOID:5813","purine nucleoside phosphorylase deficiency"
"DOID:0060642","recessive dystrophic epidermolysis bullosa"
"DOID:10582","Refsum disease"
"DOID:4450","renal cell carcinoma"
"DOID:0090006","renal coloboma syndrome"
"DOID:0060880","renal hypomagnesemia 3"
"DOID:14219","renal tubular acidosis"
"DOID:0060179","Renpenning syndrome"
"DOID:397","restrictive cardiomyopathy"
"DOID:10584","retinitis pigmentosa"
"DOID:0110390","retinitis pigmentosa 1"
"DOID:0110408","retinitis pigmentosa 11"
"DOID:0110358","retinitis pigmentosa 12"
"DOID:0110403","retinitis pigmentosa 13"
"DOID:0110381","retinitis pigmentosa 14"
"DOID:0110356","retinitis pigmentosa 18"
"DOID:0110354","retinitis pigmentosa 19"
"DOID:0110415","retinitis pigmentosa 2"
"DOID:0110353","retinitis pigmentosa 20"
"DOID:0110368","retinitis pigmentosa 26"
"DOID:0110365","retinitis pigmentosa 28"
"DOID:0110414","retinitis pigmentosa 3"
"DOID:0110406","retinitis pigmentosa 30"
"DOID:0110372","retinitis pigmentosa 4"
"DOID:0110375","retinitis pigmentosa 40"
"DOID:0110376","retinitis pigmentosa 41"
"DOID:0110377","retinitis pigmentosa 49"
"DOID:0110364","retinitis pigmentosa 54"
"DOID:0110371","retinitis pigmentosa 56"
"DOID:0110352","retinitis pigmentosa 59"
"DOID:0110383","retinitis pigmentosa 7"
"DOID:0080350","retinitis pigmentosa 77"
"DOID:0110419","retinitis pigmentosa with or without situs inversus"
"DOID:768","retinoblastoma"
"DOID:1206","Rett syndrome"
"DOID:7148","rheumatoid arthritis"
"DOID:0110851","rhizomelic chondrodysplasia punctata type 1"
"DOID:0110852","rhizomelic chondrodysplasia punctata type 2"
"DOID:0110853","rhizomelic chondrodysplasia punctata type 3"
"DOID:0090113","RIDDLE syndrome"
"DOID:0060856","right atrial isomerism"
"DOID:0110633","rigid spine muscular dystrophy 1"
"DOID:11589","Riley-Day syndrome"
"DOID:0060255","rippling muscle disease 2"
"DOID:2732","Rothmund-Thomson syndrome"
"DOID:1933","Rubinstein-Taybi syndrome"
"DOID:14768","Saethre-Chotzen syndrome"
"DOID:3323","Sandhoff disease"
"DOID:0112307","sarcosinemia"
"DOID:0111550","scalp-ear-nipple syndrome"
"DOID:0060253","scapuloperoneal myopathy"
"DOID:13300","Scheuermanns disease"
"DOID:0060490","Schimke immuno-osseous dysplasia"
"DOID:5419","schizophrenia"
"DOID:0070085","schizophrenia 9"
"DOID:0080021","Schmid metaphyseal chondrodysplasia"
"DOID:0050775","schneckenbecken dysplasia"
"DOID:0060456","Schnyder corneal dystrophy"
"DOID:0090005","Schwartz-Jampel syndrome 1"
"DOID:4297","scimitar syndrome"
"DOID:0060252","sclerocornea"
"DOID:0060756","sclerosteosis 1"
"DOID:0060757","sclerosteosis 2"
"DOID:0050576","Senior-Loken syndrome"
"DOID:0060857","septooptic dysplasia"
"DOID:0090014","severe combined immunodeficiency 104"
"DOID:0090013","severe combined immunodeficiency, autosomal recessive, T cell-negative, B cell-negative, Nk cell-positive"
"DOID:0090012","severe combined immunodeficiency with sensitivity to ionizing radiation"
"DOID:0080154","short chain acyl-CoA dehydrogenase deficiency"
"DOID:0050793","short QT syndrome"
"DOID:0110090","short-rib thoracic dysplasia 7 with or without polydactyly"
"DOID:0110097","short-rib thoracic dysplasia 9 with or without polydactyly"
"DOID:0111454","SHORT syndrome"
"DOID:0060479","Shwachman-Diamond syndrome"
"DOID:3659","sialuria"
"DOID:13884","sick sinus syndrome"
"DOID:0090032","Silverman-Handmaker type dyssegmental dysplasia"
"DOID:14681","Silver-Russell syndrome"
"DOID:0060248","Simpson-Golabi-Behmel syndrome type 1"
"DOID:12894","Sjogrens syndrome"
"DOID:8923","skin melanoma"
"DOID:14692","Smith-Lemli-Opitz syndrome"
"DOID:0060768","Smith-Magenis syndrome"
"DOID:0081271","Smith-McCort dysplasia 2"
"DOID:0090114","Sorsbys fundus dystrophy"
"DOID:0080036","SOST-related sclerosing bone dysplasia"
"DOID:0112102","Sotos syndrome 2"
"DOID:0070537","spastic tetraplegia, thin corpus callosum, and progressive microcephaly"
"DOID:0070170","spermatogenic failure 19"
"DOID:0070166","spermatogenic failure 20"
"DOID:0111929","spermatogenic failure 24"
"DOID:0111922","spermatogenic failure 31"
"DOID:0111926","spermatogenic failure 39"
"DOID:0111918","spermatogenic failure 40"
"DOID:0112164","spermatogenic failure 46"
"DOID:0112175","spermatogenic failure 47"
"DOID:0050954","spinocerebellar ataxia type 1"
"DOID:0050960","spinocerebellar ataxia type 10"
"DOID:0050964","spinocerebellar ataxia type 14"
"DOID:0050967","spinocerebellar ataxia type 17"
"DOID:0050955","spinocerebellar ataxia type 2"
"DOID:0050976","spinocerebellar ataxia type 27A"
"DOID:0050977","spinocerebellar ataxia type 28"
"DOID:0050882","spinocerebellar ataxia type 5"
"DOID:0050956","spinocerebellar ataxia type 6"
"DOID:0050958","spinocerebellar ataxia type 7"
"DOID:0090115","spinocerebellar ataxia with axonal neuropathy 1"
"DOID:0090021","split hand-foot malformation 1"
"DOID:0090116","spondylocarpotarsal synostosis syndrome"
"DOID:0050812","spondyloepimetaphyseal dysplasia, Pakistani type"
"DOID:14789","spondyloepiphyseal dysplasia congenita"
"DOID:0050817","Stargardt disease"
"DOID:9452","steatotic liver disease"
"DOID:13366","Stiff-Person syndrome"
"DOID:0111457","STING-associated vasculopathy with onset in infancy"
"DOID:10534","stomach cancer"
"DOID:0060354","Stormorken syndrome"
"DOID:0111169","subcortical band heterotopia"
"DOID:9007","sudden infant death syndrome"
"DOID:1929","supravalvular aortic stenosis"
"DOID:0111809","syndromic microphthalmia 2"
"DOID:0070538","syndromic X-linked intellectual developmental disorder bain type"
"DOID:0060800","syndromic X-linked intellectual disability 5"
"DOID:0060809","syndromic X-linked intellectual disability Claes-Jensen type"
"DOID:0060799","syndromic X-linked intellectual disability Lubs type"
"DOID:0060824","syndromic X-linked intellectual disability Raymond type"
"DOID:0060812","syndromic X-linked intellectual disability Siderius type"
"DOID:0060242","synpolydactyly"
"DOID:9074","systemic lupus erythematosus"
"DOID:14365","systemic primary carnitine deficiency disease"
"DOID:418","systemic scleroderma"
"DOID:1388","Tangier disease"
"DOID:0112339","Tatton-Brown-Rahman syndrome"
"DOID:3320","Tay-Sachs disease"
"DOID:0060769","T-cell immunodeficiency, congenital alopecia, and nail dystrophy"
"DOID:0080698","Teebi hypertelorism syndrome 1"
"DOID:6419","tetralogy of Fallot"
"DOID:13481","thanatophoric dysplasia"
"DOID:0090117","thiamine-responsive megaloblastic anemia syndrome"
"DOID:1588","thrombocytopenia"
"DOID:11633","thyroid hormone resistance syndrome"
"DOID:0111078","tibial muscular dystrophy"
"DOID:0090002","Tietz syndrome"
"DOID:0060173","Timothy syndrome"
"DOID:0090018","TNF receptor associated periodic syndrome"
"DOID:0050591","tooth agenesis"
"DOID:0060730","torsion dystonia 1"
"DOID:0090039","torsion dystonia 6"
"DOID:0050887","Townes-Brocks syndrome"
"DOID:0050638","transthyretin amyloidosis"
"DOID:14743","trichorhinophalangeal syndrome type I"
"DOID:0050587","trichotillomania"
"DOID:0080169","tricuspid atresia"
"DOID:12098","trigeminal neuralgia"
"DOID:0050884","triosephosphate isomerase deficiency"
"DOID:0050886","Troyer syndrome"
"DOID:0080089","tubular aggregate myopathy 1"
"DOID:0080686","tubular aggregate myopathy 2"
"DOID:9744","type 1 diabetes mellitus"
"DOID:0110741","type 1 diabetes mellitus 2"
"DOID:0110746","type 1 diabetes mellitus 7"
"DOID:9352","type 2 diabetes mellitus"
"DOID:0060785","typical adult-onset autosomal dominant demyelinating leukodystrophy"
"DOID:0050726","tyrosinemia type I"
"DOID:0050727","tyrosinemia type III"
"DOID:0060614","ulnar-mammary syndrome"
"DOID:11054","urinary bladder cancer"
"DOID:0050816","urofacial syndrome"
"DOID:0110826","Usher syndrome type 1"
"DOID:0110830","Usher syndrome type 1C"
"DOID:0110831","Usher syndrome type 1D"
"DOID:0110832","Usher syndrome type 1F"
"DOID:0110834","Usher syndrome type 1G"
"DOID:0110838","Usher syndrome type 2A"
"DOID:0110839","Usher syndrome type 2C"
"DOID:0110840","Usher syndrome type 2D"
"DOID:0110841","Usher syndrome type 3A"
"DOID:13223","uterine fibroid"
"DOID:6039","uveal melanoma"
"DOID:14679","VACTERL association"
"DOID:0060239","Van der Woude syndrome"
"DOID:4346","variegate porphyria"
"DOID:14756","vascular type Ehlers-Danlos syndrome"
"DOID:12583","velocardiofacial syndrome"
"DOID:0080155","very long chain acyl-CoA dehydrogenase deficiency"
"DOID:9620","vesicoureteral reflux"
"DOID:0111252","vestibular schwannomatosis"
"DOID:0050661","vitelliform macular dystrophy"
"DOID:14175","von Hippel-Lindau disease"
"DOID:0060574","von Willebrands disease 2"
"DOID:0110948","Waardenburg syndrome type 1"
"DOID:0110950","Waardenburg syndrome type 2A"
"DOID:0110953","Waardenburg syndrome type 4A"
"DOID:0110954","Waardenburg syndrome type 4B"
"DOID:0110955","Waardenburg syndrome type 4C"
"DOID:0110718","Warburg micro syndrome 3"
"DOID:0110719","Warburg micro syndrome 4"
"DOID:14731","Weaver syndrome"
"DOID:0050475","Weill-Marchesani syndrome"
"DOID:4258","Weissenbacher-Zweymuller syndrome"
"DOID:13137","Werdnig-Hoffmann disease"
"DOID:5688","Werner syndrome"
"DOID:0060591","WHIM syndrome 1"
"DOID:1928","Williams-Beuren syndrome"
"DOID:893","Wilson disease"
"DOID:9169","Wiskott-Aldrich syndrome"
"DOID:0090060","Wolcott-Rallison syndrome"
"DOID:384","Wolff-Parkinson-White syndrome"
"DOID:0050460","Wolf-Hirschhorn syndrome"
"DOID:0110629","Wolfram syndrome 1"
"DOID:14497","Wolman disease"
"DOID:0070453","xanthinuria type II"
"DOID:0110843","xeroderma pigmentosum group A"
"DOID:0110850","xeroderma pigmentosum group B"
"DOID:0110844","xeroderma pigmentosum group C"
"DOID:0110845","xeroderma pigmentosum group D"
"DOID:0110846","xeroderma pigmentosum group E"
"DOID:0110848","xeroderma pigmentosum group F"
"DOID:0110849","xeroderma pigmentosum group G"
"DOID:0110847","xeroderma pigmentosum variant type"
"DOID:0060590","XFE progeroid syndrome"
"DOID:0070055","Xia-Gibbs Syndrome"
"DOID:0080156","X-linked adrenal hypoplasia congenita"
"DOID:14179","X-linked agammaglobulinemia"
"DOID:0110034","X-linked Alport syndrome"
"DOID:0060292","X-linked chondrodysplasia punctata 1"
"DOID:0060613","X-linked cleft palate with or without ankyloglossia"
"DOID:0111008","X-linked cone-rod dystrophy 1"
"DOID:0111735","X-linked deafness 4"
"DOID:0110461","X-linked dilated cardiomyopathy"
"DOID:0111196","X-linked distal spinal muscular atrophy 3"
"DOID:0050445","X-linked hypophosphatemic rickets"
"DOID:0112056","X-linked intellectual disability-short stature-overweight syndrome"
"DOID:0060763","X-linked juvenile retinoschisis 1"
"DOID:0060705","X-linked lymphoproliferative syndrome 1"
"DOID:0081060","X-linked nephrogenic diabetes insipidus"
"DOID:0060589","Yunis-Varon syndrome"
"DOID:0070473","Zaki syndrome"
"DOID:0060953","ZTTK syndrome"
