"omim_id","disease_id"
"OMIM:264300","DOID:0112248"
"OMIM:204750","DOID:0111453"
"OMIM:258501","DOID:0110004"
"OMIM:614739","DOID:0110001"
"OMIM:605552","DOID:14221"
"OMIM:604290","DOID:0050711"
"OMIM:200400","DOID:9164"
"OMIM:200500","DOID:0050603"
"OMIM:200600","DOID:0080054"
"OMIM:200610","DOID:0080056"
"OMIM:100800","DOID:4480"
"OMIM:216900","DOID:0110007"
"OMIM:262300","DOID:0110008"
"OMIM:613856","DOID:0110010"
"OMIM:616517","DOID:0110009"
"OMIM:200990","DOID:9250"
"OMIM:101200","DOID:12960"
"OMIM:201100","DOID:0050605"
"OMIM:101800","DOID:14669"
"OMIM:614613","DOID:14669"
"OMIM:200700","DOID:0080052"
"OMIM:201250","DOID:0080051"
"OMIM:602875","DOID:0080050"
"OMIM:219090","DOID:7004"
"OMIM:176000","DOID:3890"
"OMIM:308960","DOID:12603"
"OMIM:247640","DOID:9952"
"OMIM:613065","DOID:9952"
"OMIM:601626","DOID:9119"
"OMIM:612376","DOID:0060318"
"OMIM:100300","DOID:0060227"
"OMIM:614219","DOID:0060227"
"OMIM:615297","DOID:0060227"
"OMIM:616028","DOID:0060227"
"OMIM:614723","DOID:0060350"
"OMIM:102700","DOID:5810"
"OMIM:201400","DOID:0080150"
"OMIM:300100","DOID:10588"
"OMIM:146300","DOID:0110913"
"OMIM:608810","DOID:0080093"
"OMIM:604348","DOID:0110011"
"OMIM:615224","DOID:0110012"
"OMIM:218000","DOID:0090003"
"OMIM:603075","DOID:0110014"
"OMIM:613784","DOID:0110024"
"OMIM:610698","DOID:0110017"
"OMIM:170650","DOID:1474"
"OMIM:608526","DOID:1474"
"OMIM:202650","DOID:0060341"
"OMIM:225750","DOID:0050629"
"OMIM:610181","DOID:0050629"
"OMIM:610329","DOID:0050629"
"OMIM:610333","DOID:0050629"
"OMIM:612952","DOID:0050629"
"OMIM:615010","DOID:0050629"
"OMIM:615846","DOID:0050629"
"OMIM:615510","DOID:0112321"
"OMIM:118450","DOID:9245"
"OMIM:610205","DOID:9245"
"OMIM:103780","DOID:0050741"
"OMIM:203450","DOID:4252"
"OMIM:203500","DOID:9270"
"OMIM:300523","DOID:0050631"
"OMIM:104000","DOID:986"
"OMIM:610753","DOID:986"
"OMIM:203655","DOID:0050634"
"OMIM:613490","DOID:13372"
"OMIM:262850","DOID:0060601"
"OMIM:248500","DOID:3413"
"OMIM:614307","DOID:0060602"
"OMIM:604131","DOID:1099"
"OMIM:301040","DOID:0110030"
"OMIM:203800","DOID:0050473"
"OMIM:104290","DOID:0050635"
"OMIM:614820","DOID:0050635"
"OMIM:607822","DOID:0110042"
"OMIM:606889","DOID:0110040"
"OMIM:145701","DOID:0111060"
"OMIM:612529","DOID:0110060"
"OMIM:613211","DOID:0110061"
"OMIM:104500","DOID:0110052"
"OMIM:301200","DOID:0110058"
"OMIM:618386","DOID:0111722"
"OMIM:105400","DOID:0060193"
"OMIM:612069","DOID:0060201"
"OMIM:300857","DOID:0060206"
"OMIM:606070","DOID:0060212"
"OMIM:617839","DOID:0080225"
"OMIM:602433","DOID:0060196"
"OMIM:608030","DOID:0060198"
"OMIM:608627","DOID:0050752"
"OMIM:109200","DOID:0050801"
"OMIM:300710","DOID:0050801"
"OMIM:612421","DOID:0050801"
"OMIM:300068","DOID:4674"
"OMIM:206500","DOID:0060668"
"OMIM:105830","DOID:1932"
"OMIM:106260","DOID:0090119"
"OMIM:106280","DOID:0060604"
"OMIM:600919","DOID:0111700"
"OMIM:167750","DOID:0060850"
"OMIM:613118","DOID:3755"
"OMIM:607834","DOID:2030"
"OMIM:609135","DOID:12449"
"OMIM:207900","DOID:14755"
"OMIM:139300","DOID:0090122"
"OMIM:608643","DOID:0090123"
"OMIM:610193","DOID:0110081"
"OMIM:611528","DOID:0110083"
"OMIM:604400","DOID:0110074"
"OMIM:607450","DOID:0110076"
"OMIM:609040","DOID:0110077"
"OMIM:208000","DOID:0050644"
"OMIM:614473","DOID:0050644"
"OMIM:208050","DOID:0050645"
"OMIM:108010","DOID:0060688"
"OMIM:208400","DOID:0050461"
"OMIM:208500","DOID:0110085"
"OMIM:611263","DOID:0110086"
"OMIM:613091","DOID:0110087"
"OMIM:600807","DOID:2841"
"OMIM:208900","DOID:12704"
"OMIM:601536","DOID:0050682"
"OMIM:603165","DOID:3310"
"OMIM:605803","DOID:0110098"
"OMIM:209300","DOID:0050649"
"OMIM:108800","DOID:0110106"
"OMIM:607941","DOID:0110107"
"OMIM:108900","DOID:0110112"
"OMIM:209500","DOID:0060689"
"OMIM:606215","DOID:0050651"
"OMIM:614430","DOID:0050651"
"OMIM:614474","DOID:0050651"
"OMIM:143465","DOID:1094"
"OMIM:608903","DOID:1094"
"OMIM:608904","DOID:1094"
"OMIM:608905","DOID:1094"
"OMIM:608906","DOID:1094"
"OMIM:612311","DOID:1094"
"OMIM:612312","DOID:1094"
"OMIM:209850","DOID:12849"
"OMIM:109100","DOID:417"
"OMIM:205700","DOID:718"
"OMIM:616414","DOID:0081242"
"OMIM:601859","DOID:6688"
"OMIM:607271","DOID:0110116"
"OMIM:240300","DOID:0050167"
"OMIM:609129","DOID:0060690"
"OMIM:124480","DOID:0080720"
"OMIM:158590","DOID:0111206"
"OMIM:131750","DOID:0080224"
"OMIM:601198","DOID:0090107"
"OMIM:615361","DOID:0090108"
"OMIM:193100","DOID:0050948"
"OMIM:615834","DOID:0070056"
"OMIM:616393","DOID:0070068"
"OMIM:616521","DOID:0070069"
"OMIM:614104","DOID:0070037"
"OMIM:148210","DOID:0060871"
"OMIM:603511","DOID:0110305"
"OMIM:605375","DOID:0060684"
"OMIM:601543","DOID:0110544"
"OMIM:601868","DOID:0110545"
"OMIM:602459","DOID:0110546"
"OMIM:606346","DOID:0110552"
"OMIM:605583","DOID:0110555"
"OMIM:606705","DOID:0110563"
"OMIM:608224","DOID:0110567"
"OMIM:600652","DOID:0110573"
"OMIM:616340","DOID:0110588"
"OMIM:601369","DOID:0110593"
"OMIM:166600","DOID:0110938"
"OMIM:609286","DOID:0111520"
"OMIM:177735","DOID:0060855"
"OMIM:203780","DOID:0110033"
"OMIM:242300","DOID:0060656"
"OMIM:615024","DOID:0060719"
"OMIM:617574","DOID:0080257"
"OMIM:242500","DOID:0060713"
"OMIM:604320","DOID:0111064"
"OMIM:603813","DOID:0090105"
"OMIM:241520","DOID:0050949"
"OMIM:613312","DOID:0050949"
"OMIM:615637","DOID:0081206"
"OMIM:225100","DOID:0111149"
"OMIM:253600","DOID:0110275"
"OMIM:253601","DOID:0110276"
"OMIM:253700","DOID:0110277"
"OMIM:608099","DOID:0110278"
"OMIM:604286","DOID:0110279"
"OMIM:601287","DOID:0110280"
"OMIM:601954","DOID:0110281"
"OMIM:254110","DOID:0110282"
"OMIM:607155","DOID:0110299"
"OMIM:608807","DOID:0110283"
"OMIM:611307","DOID:0110284"
"OMIM:613818","DOID:0110293"
"OMIM:616052","DOID:0110295"
"OMIM:607197","DOID:0050565"
"OMIM:618145","DOID:0111640"
"OMIM:601386","DOID:0110467"
"OMIM:603720","DOID:0110471"
"OMIM:602092","DOID:0110473"
"OMIM:614945","DOID:0110474"
"OMIM:220290","DOID:0110475"
"OMIM:600060","DOID:0110477"
"OMIM:607039","DOID:0110480"
"OMIM:609533","DOID:0110481"
"OMIM:609823","DOID:0110486"
"OMIM:614035","DOID:0110487"
"OMIM:600316","DOID:0110488"
"OMIM:607101","DOID:0110489"
"OMIM:607084","DOID:0110490"
"OMIM:608653","DOID:0110491"
"OMIM:607821","DOID:0110495"
"OMIM:608219","DOID:0110496"
"OMIM:608265","DOID:0110497"
"OMIM:609646","DOID:0110500"
"OMIM:609439","DOID:0110505"
"OMIM:610153","DOID:0110506"
"OMIM:610220","DOID:0110511"
"OMIM:611451","DOID:0110515"
"OMIM:610419","DOID:0110519"
"OMIM:600974","DOID:0110520"
"OMIM:613718","DOID:0110523"
"OMIM:613307","DOID:0110526"
"OMIM:615429","DOID:0110533"
"OMIM:601071","DOID:0110535"
"OMIM:614899","DOID:0110537"
"OMIM:259700","DOID:0110942"
"OMIM:259710","DOID:0110943"
"OMIM:259730","DOID:0110941"
"OMIM:611490","DOID:0110944"
"OMIM:259720","DOID:0110939"
"OMIM:611497","DOID:0110945"
"OMIM:615085","DOID:0110940"
"OMIM:264350","DOID:0060854"
"OMIM:268310","DOID:0060764"
"OMIM:614322","DOID:0080060"
"OMIM:614831","DOID:0080062"
"OMIM:615768","DOID:0080029"
"OMIM:616204","DOID:0080042"
"OMIM:180500","DOID:0110120"
"OMIM:602482","DOID:0110122"
"OMIM:241850","DOID:0050655"
"OMIM:209900","DOID:0110123"
"OMIM:615987","DOID:0110132"
"OMIM:615993","DOID:0110138"
"OMIM:615994","DOID:0110139"
"OMIM:615995","DOID:0110140"
"OMIM:615981","DOID:0110124"
"OMIM:600151","DOID:0110125"
"OMIM:615982","DOID:0110126"
"OMIM:615983","DOID:0110127"
"OMIM:605231","DOID:0110128"
"OMIM:615985","DOID:0110130"
"OMIM:614266","DOID:9206"
"OMIM:302060","DOID:0050476"
"OMIM:601678","DOID:0110142"
"OMIM:241200","DOID:0110143"
"OMIM:607364","DOID:0110144"
"OMIM:602522","DOID:0110145"
"OMIM:114100","DOID:0060230"
"OMIM:213600","DOID:0060230"
"OMIM:615007","DOID:0060230"
"OMIM:615483","DOID:0060230"
"OMIM:123790","DOID:0050660"
"OMIM:300376","DOID:9883"
"OMIM:130650","DOID:5572"
"OMIM:121200","DOID:14264"
"OMIM:121201","DOID:14264"
"OMIM:269720","DOID:14264"
"OMIM:231200","DOID:2217"
"OMIM:611809","DOID:0050662"
"OMIM:248510","DOID:3633"
"OMIM:613985","DOID:12241"
"OMIM:158810","DOID:0050663"
"OMIM:261640","DOID:0090106"
"OMIM:233910","DOID:0112225"
"OMIM:210370","DOID:0050664"
"OMIM:210500","DOID:13608"
"OMIM:253260","DOID:856"
"OMIM:607483","DOID:0050659"
"OMIM:605808","DOID:0111079"
"OMIM:135150","DOID:0050676"
"OMIM:600057","DOID:0080174"
"OMIM:110100","DOID:14778"
"OMIM:308300","DOID:12305"
"OMIM:210900","DOID:2717"
"OMIM:303700","DOID:0050679"
"OMIM:301900","DOID:0050681"
"OMIM:615722","DOID:0112226"
"OMIM:607475","DOID:0050683"
"OMIM:211180","DOID:0050684"
"OMIM:112500","DOID:0110964"
"OMIM:615072","DOID:0110977"
"OMIM:112600","DOID:0110965"
"OMIM:113100","DOID:0110970"
"OMIM:601216","DOID:0090143"
"OMIM:175780","DOID:0090125"
"OMIM:614923","DOID:0090126"
"OMIM:114480","DOID:1612"
"OMIM:229200","DOID:14775"
"OMIM:259450","DOID:0060231"
"OMIM:609220","DOID:0060231"
"OMIM:601144","DOID:0110218"
"OMIM:613120","DOID:0110224"
"OMIM:300615","DOID:0060693"
"OMIM:146800","DOID:0060877"
"OMIM:231300","DOID:11211"
"OMIM:113970","DOID:8584"
"OMIM:125310","DOID:0111035"
"OMIM:114290","DOID:0050463"
"OMIM:131300","DOID:4997"
"OMIM:606631","DOID:4997"
"OMIM:271900","DOID:3613"
"OMIM:237300","DOID:9280"
"OMIM:619941","DOID:0061116"
"OMIM:160980","DOID:0050471"
"OMIM:605244","DOID:0050471"
"OMIM:608837","DOID:0050471"
"OMIM:255120","DOID:0090129"
"OMIM:201000","DOID:0061098"
"OMIM:605676","DOID:0090128"
"OMIM:601371","DOID:83"
"OMIM:600881","DOID:0110258"
"OMIM:601885","DOID:0110253"
"OMIM:615274","DOID:0110251"
"OMIM:613763","DOID:0110250"
"OMIM:615277","DOID:0110263"
"OMIM:116200","DOID:0110231"
"OMIM:116100","DOID:0110240"
"OMIM:610202","DOID:0110256"
"OMIM:604307","DOID:0110235"
"OMIM:116300","DOID:0110248"
"OMIM:615188","DOID:0110236"
"OMIM:601547","DOID:0110269"
"OMIM:115700","DOID:0110234"
"OMIM:116800","DOID:0110255"
"OMIM:116600","DOID:0110229"
"OMIM:604219","DOID:0110266"
"OMIM:604772","DOID:0060675"
"OMIM:611938","DOID:0060676"
"OMIM:616145","DOID:0081122"
"OMIM:601238","DOID:0060694"
"OMIM:609528","DOID:0060337"
"OMIM:617300","DOID:0081030"
"OMIM:615346","DOID:0112309"
"OMIM:616795","DOID:0111742"
"OMIM:603284","DOID:0060670"
"OMIM:603285","DOID:0060671"
"OMIM:300352","DOID:0050800"
"OMIM:117650","DOID:0111248"
"OMIM:275630","DOID:0050729"
"OMIM:606595","DOID:0110163"
"OMIM:607831","DOID:0110167"
"OMIM:614228","DOID:0110175"
"OMIM:614436","DOID:0110169"
"OMIM:615025","DOID:0110170"
"OMIM:616155","DOID:0110171"
"OMIM:616688","DOID:0110181"
"OMIM:608323","DOID:0110199"
"OMIM:616039","DOID:0110203"
"OMIM:118220","DOID:0110148"
"OMIM:118200","DOID:0110152"
"OMIM:601098","DOID:0110151"
"OMIM:118300","DOID:0110153"
"OMIM:118210","DOID:0110154"
"OMIM:609260","DOID:0110155"
"OMIM:600882","DOID:0110159"
"OMIM:605588","DOID:0110156"
"OMIM:601472","DOID:0110164"
"OMIM:607684","DOID:0110165"
"OMIM:145900","DOID:0050540"
"OMIM:601382","DOID:0110191"
"OMIM:604563","DOID:0110190"
"OMIM:615284","DOID:0110194"
"OMIM:601596","DOID:0110183"
"OMIM:601455","DOID:0110186"
"OMIM:605253","DOID:0110195"
"OMIM:609311","DOID:0110192"
"OMIM:611228","DOID:0110184"
"OMIM:601152","DOID:0080068"
"OMIM:616505","DOID:0080068"
"OMIM:302800","DOID:0110209"
"OMIM:214800","DOID:0050834"
"OMIM:270550","DOID:0050946"
"OMIM:169100","DOID:0060563"
"OMIM:214500","DOID:2935"
"OMIM:118400","DOID:1856"
"OMIM:241510","DOID:0110915"
"OMIM:600803","DOID:1949"
"OMIM:600092","DOID:0060644"
"OMIM:614078","DOID:0112224"
"OMIM:200150","DOID:0050766"
"OMIM:303100","DOID:9821"
"OMIM:260500","DOID:2626"
"OMIM:300243","DOID:0060825"
"OMIM:612242","DOID:0060389"
"OMIM:612001","DOID:0060394"
"OMIM:614527","DOID:0060404"
"OMIM:613533","DOID:0060434"
"OMIM:607872","DOID:0060410"
"OMIM:612530","DOID:0060412"
"OMIM:611867","DOID:0060413"
"OMIM:615538","DOID:0060437"
"OMIM:158170","DOID:0060732"
"OMIM:109543","DOID:1040"
"OMIM:151400","DOID:1040"
"OMIM:609630","DOID:1040"
"OMIM:612557","DOID:1040"
"OMIM:612558","DOID:1040"
"OMIM:612559","DOID:1040"
"OMIM:608232","DOID:8552"
"OMIM:259680","DOID:0060645"
"OMIM:246700","DOID:0060357"
"OMIM:607115","DOID:0090029"
"OMIM:119550","DOID:0080313"
"OMIM:119570","DOID:0110214"
"OMIM:119600","DOID:13994"
"OMIM:216330","DOID:13994"
"OMIM:129500","DOID:14693"
"OMIM:612918","DOID:0080351"
"OMIM:119800","DOID:11836"
"OMIM:303600","DOID:3783"
"OMIM:135900","DOID:0070042"
"OMIM:216550","DOID:0111590"
"OMIM:120200","DOID:12270"
"OMIM:120300","DOID:12270"
"OMIM:216820","DOID:12270"
"OMIM:114500","DOID:9256"
"OMIM:611721","DOID:0111330"
"OMIM:613779","DOID:8354"
"OMIM:615412","DOID:0090138"
"OMIM:610031","DOID:0090132"
"OMIM:612540","DOID:0080101"
"OMIM:602093","DOID:0080314"
"OMIM:614500","DOID:0111022"
"OMIM:615374","DOID:0111024"
"OMIM:615860","DOID:0111025"
"OMIM:120970","DOID:0111005"
"OMIM:616502","DOID:0081447"
"OMIM:619531","DOID:0081448"
"OMIM:604116","DOID:0111013"
"OMIM:601777","DOID:0111011"
"OMIM:612775","DOID:0111020"
"OMIM:201710","DOID:0050811"
"OMIM:201810","DOID:0050811"
"OMIM:201910","DOID:0050811"
"OMIM:202010","DOID:0050811"
"OMIM:202110","DOID:0050811"
"OMIM:202400","DOID:2236"
"OMIM:617641","DOID:0112359"
"OMIM:610256","DOID:11367"
"OMIM:616278","DOID:0111066"
"OMIM:209880","DOID:0060731"
"OMIM:603523","DOID:0060646"
"OMIM:142340","DOID:3827"
"OMIM:222400","DOID:3827"
"OMIM:610187","DOID:3827"
"OMIM:613217","DOID:0060776"
"OMIM:212066","DOID:0070253"
"OMIM:266265","DOID:0070255"
"OMIM:608594","DOID:0111135"
"OMIM:269700","DOID:0111136"
"OMIM:613327","DOID:0111138"
"OMIM:617360","DOID:0112247"
"OMIM:217700","DOID:0060649"
"OMIM:618719","DOID:0112014"
"OMIM:607855","DOID:0110636"
"OMIM:254100","DOID:0050557"
"OMIM:613204","DOID:0110639"
"OMIM:613205","DOID:0110640"
"OMIM:254300","DOID:0110668"
"OMIM:616326","DOID:0110675"
"OMIM:610542","DOID:0110660"
"OMIM:616720","DOID:0110673"
"OMIM:616321","DOID:0110666"
"OMIM:605809","DOID:0110678"
"OMIM:608931","DOID:0110679"
"OMIM:603034","DOID:0110667"
"OMIM:254210","DOID:0110671"
"OMIM:615120","DOID:0110657"
"OMIM:616325","DOID:0110670"
"OMIM:117000","DOID:3529"
"OMIM:255320","DOID:0080991"
"OMIM:206300","DOID:2861"
"OMIM:206400","DOID:2861"
"OMIM:266200","DOID:0111077"
"OMIM:310700","DOID:0111790"
"OMIM:214700","DOID:0060296"
"OMIM:310500","DOID:0110870"
"OMIM:257270","DOID:0110865"
"OMIM:613216","DOID:0110867"
"OMIM:613830","DOID:0110868"
"OMIM:614565","DOID:0110869"
"OMIM:615058","DOID:0110864"
"OMIM:300071","DOID:0110871"
"OMIM:610445","DOID:0110862"
"OMIM:163500","DOID:0110863"
"OMIM:610048","DOID:0060445"
"OMIM:121400","DOID:0060287"
"OMIM:217300","DOID:0060287"
"OMIM:122470","DOID:0080505"
"OMIM:610759","DOID:0080507"
"OMIM:300882","DOID:0080509"
"OMIM:300464","DOID:3393"
"OMIM:607339","DOID:3393"
"OMIM:608316","DOID:3393"
"OMIM:608318","DOID:3393"
"OMIM:608320","DOID:3393"
"OMIM:610947","DOID:3393"
"OMIM:611139","DOID:3393"
"OMIM:612030","DOID:3393"
"OMIM:614293","DOID:3393"
"OMIM:610042","DOID:0090130"
"OMIM:611489","DOID:0090030"
"OMIM:614662","DOID:0090140"
"OMIM:218040","DOID:0050469"
"OMIM:158350","DOID:0050657"
"OMIM:304110","DOID:14737"
"OMIM:182212","DOID:2340"
"OMIM:600593","DOID:2340"
"OMIM:619727","DOID:0112340"
"OMIM:123400","DOID:11949"
"OMIM:218800","DOID:3803"
"OMIM:123500","DOID:2339"
"OMIM:219050","DOID:11383"
"OMIM:263700","DOID:13271"
"OMIM:219500","DOID:0090142"
"OMIM:219700","DOID:1485"
"OMIM:219750","DOID:1064"
"OMIM:219800","DOID:1064"
"OMIM:219900","DOID:1064"
"OMIM:220100","DOID:9266"
"OMIM:220200","DOID:2785"
"OMIM:300257","DOID:0050437"
"OMIM:261515","DOID:0090031"
"OMIM:304700","DOID:0050757"
"OMIM:194380","DOID:0111576"
"OMIM:125370","DOID:0060162"
"OMIM:300009","DOID:0050699"
"OMIM:300555","DOID:0050699"
"OMIM:125400","DOID:701"
"OMIM:125420","DOID:701"
"OMIM:125490","DOID:4154"
"OMIM:125500","DOID:4154"
"OMIM:194080","DOID:3764"
"OMIM:166950","DOID:5117"
"OMIM:251450","DOID:0060462"
"OMIM:615777","DOID:0060462"
"OMIM:602398","DOID:0070654"
"OMIM:263000","DOID:0050158"
"OMIM:614959","DOID:0080439"
"OMIM:615338","DOID:0080449"
"OMIM:615473","DOID:0080450"
"OMIM:300672","DOID:0080467"
"OMIM:616981","DOID:0080435"
"OMIM:612949","DOID:0080349"
"OMIM:617162","DOID:0080456"
"OMIM:617391","DOID:0080418"
"OMIM:613720","DOID:0080462"
"OMIM:300607","DOID:0080215"
"OMIM:608808","DOID:0060770"
"OMIM:612561","DOID:0111879"
"OMIM:612562","DOID:0111878"
"OMIM:222600","DOID:14687"
"OMIM:222730","DOID:0060650"
"OMIM:106400","DOID:6652"
"OMIM:188400","DOID:11198"
"OMIM:115200","DOID:0110425"
"OMIM:601493","DOID:0110423"
"OMIM:613122","DOID:0110424"
"OMIM:601494","DOID:0110426"
"OMIM:613172","DOID:0110447"
"OMIM:601154","DOID:0110433"
"OMIM:613252","DOID:0110453"
"OMIM:604145","DOID:0110430"
"OMIM:613881","DOID:0110448"
"OMIM:604765","DOID:0110431"
"OMIM:606685","DOID:0110436"
"OMIM:607482","DOID:0110449"
"OMIM:609909","DOID:0110439"
"OMIM:613424","DOID:0110456"
"OMIM:611878","DOID:0110457"
"OMIM:619747","DOID:0081162"
"OMIM:616901","DOID:0070477"
"OMIM:606593","DOID:0060021"
"OMIM:222448","DOID:0090144"
"OMIM:223360","DOID:0090145"
"OMIM:217095","DOID:6406"
"OMIM:190685","DOID:14250"
"OMIM:126600","DOID:0060745"
"OMIM:607208","DOID:0080422"
"OMIM:607323","DOID:0060747"
"OMIM:126800","DOID:12557"
"OMIM:237500","DOID:12308"
"OMIM:310200","DOID:11723"
"OMIM:612780","DOID:0060484"
"OMIM:224700","DOID:14289"
"OMIM:305100","DOID:0111664"
"OMIM:604292","DOID:0060783"
"OMIM:130000","DOID:14720"
"OMIM:225500","DOID:12714"
"OMIM:612651","DOID:0060641"
"OMIM:608089","DOID:1380"
"OMIM:268100","DOID:0090059"
"OMIM:601001","DOID:4644"
"OMIM:615425","DOID:4644"
"OMIM:131760","DOID:0060735"
"OMIM:131950","DOID:0060736"
"OMIM:226670","DOID:0090017"
"OMIM:160120","DOID:0050989"
"OMIM:108500","DOID:0050990"
"OMIM:128200","DOID:0090053"
"OMIM:177000","DOID:13270"
"OMIM:300752","DOID:13270"
"OMIM:189960","DOID:0080171"
"OMIM:133239","DOID:5041"
"OMIM:145500","DOID:10825"
"OMIM:603918","DOID:10825"
"OMIM:604329","DOID:10825"
"OMIM:607329","DOID:10825"
"OMIM:608742","DOID:10825"
"OMIM:610261","DOID:10825"
"OMIM:610262","DOID:10825"
"OMIM:610948","DOID:10825"
"OMIM:611014","DOID:10825"
"OMIM:187950","DOID:2224"
"OMIM:601977","DOID:2224"
"OMIM:614521","DOID:2224"
"OMIM:602473","DOID:0060640"
"OMIM:177650","DOID:13641"
"OMIM:137245","DOID:0050909"
"OMIM:301500","DOID:14499"
"OMIM:227400","DOID:2216"
"OMIM:306700","DOID:12134"
"OMIM:612416","DOID:2229"
"OMIM:234000","DOID:2231"
"OMIM:613225","DOID:2211"
"OMIM:613235","DOID:2211"
"OMIM:607554","DOID:0050650"
"OMIM:608583","DOID:0050650"
"OMIM:608988","DOID:0050650"
"OMIM:611493","DOID:0050650"
"OMIM:611494","DOID:0050650"
"OMIM:612201","DOID:0050650"
"OMIM:612240","DOID:0050650"
"OMIM:613055","DOID:0050650"
"OMIM:613980","DOID:0050650"
"OMIM:614022","DOID:0050650"
"OMIM:614049","DOID:0050650"
"OMIM:614050","DOID:0050650"
"OMIM:615377","DOID:0050650"
"OMIM:615378","DOID:0050650"
"OMIM:615770","DOID:0050650"
"OMIM:600080","DOID:0060761"
"OMIM:120100","DOID:0090062"
"OMIM:616115","DOID:0090065"
"OMIM:604218","DOID:0050831"
"OMIM:615552","DOID:0111731"
"OMIM:263400","DOID:0060474"
"OMIM:602481","DOID:0111182"
"OMIM:603553","DOID:0110922"
"OMIM:608898","DOID:0110923"
"OMIM:603552","DOID:0110924"
"OMIM:143890","DOID:13810"
"OMIM:602485","DOID:0070216"
"OMIM:605019","DOID:0111061"
"OMIM:145980","DOID:0060700"
"OMIM:277460","DOID:0090028"
"OMIM:238600","DOID:14118"
"OMIM:134610","DOID:2987"
"OMIM:249100","DOID:2987"
"OMIM:155240","DOID:0050547"
"OMIM:600512","DOID:0060748"
"OMIM:227650","DOID:0111095"
"OMIM:227645","DOID:0111087"
"OMIM:605724","DOID:0111089"
"OMIM:227646","DOID:0111083"
"OMIM:227850","DOID:0090066"
"OMIM:228000","DOID:0050464"
"OMIM:600072","DOID:0050433"
"OMIM:164280","DOID:0060464"
"OMIM:614326","DOID:0060464"
"OMIM:613630","DOID:0060647"
"OMIM:135100","DOID:13374"
"OMIM:228900","DOID:0050790"
"OMIM:105120","DOID:0050637"
"OMIM:305600","DOID:2120"
"OMIM:603278","DOID:0111128"
"OMIM:603965","DOID:0111129"
"OMIM:607832","DOID:0112245"
"OMIM:188470","DOID:3962"
"OMIM:609218","DOID:0070531"
"OMIM:300623","DOID:0050879"
"OMIM:300624","DOID:14261"
"OMIM:613456","DOID:0081047"
"OMIM:600274","DOID:9255"
"OMIM:105550","DOID:0060213"
"OMIM:136800","DOID:11555"
"OMIM:610158","DOID:11555"
"OMIM:613267","DOID:11555"
"OMIM:613268","DOID:11555"
"OMIM:613269","DOID:11555"
"OMIM:613270","DOID:11555"
"OMIM:613271","DOID:11555"
"OMIM:615523","DOID:11555"
"OMIM:230000","DOID:14500"
"OMIM:228930","DOID:0090067"
"OMIM:253800","DOID:0050559"
"OMIM:136880","DOID:11105"
"OMIM:615074","DOID:0070048"
"OMIM:109350","DOID:8534"
"OMIM:606764","DOID:9253"
"OMIM:230750","DOID:11044"
"OMIM:230800","DOID:0110957"
"OMIM:230900","DOID:0110958"
"OMIM:231050","DOID:0111725"
"OMIM:600669","DOID:1827"
"OMIM:137440","DOID:4249"
"OMIM:256850","DOID:0090068"
"OMIM:137580","DOID:11119"
"OMIM:263800","DOID:0050450"
"OMIM:273800","DOID:2219"
"OMIM:606777","DOID:0070561"
"OMIM:231670","DOID:0111254"
"OMIM:231690","DOID:0112246"
"OMIM:307030","DOID:0060363"
"OMIM:606664","DOID:0111037"
"OMIM:232200","DOID:2749"
"OMIM:232220","DOID:0081330"
"OMIM:232300","DOID:2752"
"OMIM:232400","DOID:2748"
"OMIM:232500","DOID:2750"
"OMIM:261750","DOID:0111041"
"OMIM:300559","DOID:0111040"
"OMIM:232600","DOID:2746"
"OMIM:232700","DOID:2754"
"OMIM:232800","DOID:11721"
"OMIM:613507","DOID:0050579"
"OMIM:256550","DOID:3343"
"OMIM:272750","DOID:4795"
"OMIM:166260","DOID:0111533"
"OMIM:609460","DOID:0060481"
"OMIM:164210","DOID:2907"
"OMIM:603358","DOID:0111455"
"OMIM:139090","DOID:0111044"
"OMIM:175700","DOID:14761"
"OMIM:214450","DOID:0060832"
"OMIM:607485","DOID:0060672"
"OMIM:612736","DOID:0050799"
"OMIM:139393","DOID:12842"
"OMIM:258870","DOID:1415"
"OMIM:102500","DOID:2736"
"OMIM:140000","DOID:0060739"
"OMIM:234500","DOID:1060"
"OMIM:615873","DOID:0070058"
"OMIM:231100","DOID:2352"
"OMIM:235200","DOID:0111029"
"OMIM:602390","DOID:0111027"
"OMIM:613313","DOID:0111032"
"OMIM:604250","DOID:0111030"
"OMIM:606069","DOID:0111028"
"OMIM:306900","DOID:12259"
"OMIM:114550","DOID:684"
"OMIM:121300","DOID:13269"
"OMIM:130600","DOID:2373"
"OMIM:611804","DOID:2373"
"OMIM:187300","DOID:1270"
"OMIM:600376","DOID:1270"
"OMIM:615506","DOID:1270"
"OMIM:241530","DOID:0050947"
"OMIM:133700","DOID:206"
"OMIM:133701","DOID:206"
"OMIM:600209","DOID:206"
"OMIM:162500","DOID:0060843"
"OMIM:162830","DOID:0090120"
"OMIM:614653","DOID:0070151"
"OMIM:604360","DOID:0110764"
"OMIM:605280","DOID:0110766"
"OMIM:270700","DOID:0110768"
"OMIM:312920","DOID:0110773"
"OMIM:610250","DOID:0110782"
"OMIM:612319","DOID:0110786"
"OMIM:182601","DOID:0110792"
"OMIM:613647","DOID:0110800"
"OMIM:615033","DOID:0110806"
"OMIM:607259","DOID:0110816"
"OMIM:618418","DOID:0112341"
"OMIM:182900","DOID:0110916"
"OMIM:270970","DOID:0110918"
"OMIM:612653","DOID:0110919"
"OMIM:203300","DOID:0060539"
"OMIM:608233","DOID:0060540"
"OMIM:614072","DOID:0060541"
"OMIM:614073","DOID:0060542"
"OMIM:614074","DOID:0060543"
"OMIM:614075","DOID:0060544"
"OMIM:614076","DOID:0060545"
"OMIM:614077","DOID:0060546"
"OMIM:614171","DOID:0060547"
"OMIM:221200","DOID:0111628"
"OMIM:600156","DOID:10487"
"OMIM:606874","DOID:10487"
"OMIM:606875","DOID:10487"
"OMIM:608462","DOID:10487"
"OMIM:611644","DOID:10487"
"OMIM:605911","DOID:0081168"
"OMIM:614226","DOID:0110877"
"OMIM:157170","DOID:0110872"
"OMIM:142945","DOID:0110875"
"OMIM:609637","DOID:0110878"
"OMIM:142900","DOID:0060468"
"OMIM:236200","DOID:9263"
"OMIM:236250","DOID:9263"
"OMIM:159580","DOID:321"
"OMIM:143100","DOID:12858"
"OMIM:606438","DOID:0090104"
"OMIM:123155","DOID:10908"
"OMIM:236600","DOID:10908"
"OMIM:236635","DOID:10908"
"OMIM:307000","DOID:10908"
"OMIM:615219","DOID:10908"
"OMIM:207800","DOID:9278"
"OMIM:149400","DOID:0060696"
"OMIM:614619","DOID:0060697"
"OMIM:614618","DOID:0060698"
"OMIM:603174","DOID:9279"
"OMIM:147060","DOID:3261"
"OMIM:260920","DOID:0081450"
"OMIM:170500","DOID:14451"
"OMIM:145000","DOID:13543"
"OMIM:145001","DOID:13543"
"OMIM:610071","DOID:13543"
"OMIM:211900","DOID:0111063"
"OMIM:239850","DOID:0060569"
"OMIM:192600","DOID:0110307"
"OMIM:608758","DOID:0110316"
"OMIM:612098","DOID:0110317"
"OMIM:612124","DOID:0110318"
"OMIM:613243","DOID:0110319"
"OMIM:613251","DOID:0110320"
"OMIM:613838","DOID:0110322"
"OMIM:115195","DOID:0110308"
"OMIM:613876","DOID:0110326"
"OMIM:115196","DOID:0110309"
"OMIM:115197","DOID:0110310"
"OMIM:600858","DOID:0110312"
"OMIM:613690","DOID:0110313"
"OMIM:608751","DOID:0110314"
"OMIM:179010","DOID:12638"
"OMIM:300711","DOID:12638"
"OMIM:610260","DOID:12638"
"OMIM:612017","DOID:12638"
"OMIM:612525","DOID:12638"
"OMIM:146000","DOID:0080041"
"OMIM:614840","DOID:0090071"
"OMIM:614841","DOID:0090072"
"OMIM:614842","DOID:0090073"
"OMIM:146110","DOID:0090078"
"OMIM:614837","DOID:0090074"
"OMIM:170400","DOID:14452"
"OMIM:613345","DOID:14452"
"OMIM:608804","DOID:0060787"
"OMIM:612438","DOID:0060798"
"OMIM:607694","DOID:0060794"
"OMIM:146255","DOID:0060878"
"OMIM:241550","DOID:9955"
"OMIM:614435","DOID:9955"
"OMIM:606407","DOID:0060858"
"OMIM:615896","DOID:0110710"
"OMIM:146550","DOID:0110701"
"OMIM:607903","DOID:0110703"
"OMIM:146700","DOID:1702"
"OMIM:259750","DOID:12559"
"OMIM:161950","DOID:2986"
"OMIM:300888","DOID:0111140"
"OMIM:304790","DOID:0090110"
"OMIM:615513","DOID:0111936"
"OMIM:618204","DOID:0111960"
"OMIM:618986","DOID:0112061"
"OMIM:242860","DOID:0090008"
"OMIM:605258","DOID:0060758"
"OMIM:147421","DOID:3429"
"OMIM:241500","DOID:0110914"
"OMIM:228550","DOID:0080109"
"OMIM:615293","DOID:0080109"
"OMIM:266600","DOID:0110892"
"OMIM:611081","DOID:0110885"
"OMIM:612241","DOID:0110887"
"OMIM:612244","DOID:0110893"
"OMIM:612259","DOID:0110896"
"OMIM:106190","DOID:0060603"
"OMIM:119540","DOID:0110213"
"OMIM:123570","DOID:0111717"
"OMIM:262400","DOID:0060873"
"OMIM:173100","DOID:0060872"
"OMIM:613517","DOID:0060835"
"OMIM:616209","DOID:0081357"
"OMIM:220400","DOID:2842"
"OMIM:612347","DOID:2842"
"OMIM:243800","DOID:14694"
"OMIM:614615","DOID:0110986"
"OMIM:616784","DOID:0110995"
"OMIM:608629","DOID:0110998"
"OMIM:617767","DOID:0080279"
"OMIM:610188","DOID:0111000"
"OMIM:610688","DOID:0111001"
"OMIM:611560","DOID:0111002"
"OMIM:226700","DOID:0060737"
"OMIM:226650","DOID:0060738"
"OMIM:226730","DOID:0060733"
"OMIM:137750","DOID:1068"
"OMIM:607785","DOID:0050458"
"OMIM:254770","DOID:4890"
"OMIM:174900","DOID:0050787"
"OMIM:253400","DOID:12376"
"OMIM:147920","DOID:0060473"
"OMIM:300867","DOID:0060473"
"OMIM:614817","DOID:0060911"
"OMIM:244450","DOID:0111456"
"OMIM:148050","DOID:14780"
"OMIM:530000","DOID:12934"
"OMIM:313200","DOID:0060161"
"OMIM:148300","DOID:10126"
"OMIM:608586","DOID:10126"
"OMIM:608932","DOID:10126"
"OMIM:609271","DOID:10126"
"OMIM:614622","DOID:10126"
"OMIM:614623","DOID:10126"
"OMIM:614628","DOID:10126"
"OMIM:614629","DOID:10126"
"OMIM:124200","DOID:2734"
"OMIM:173650","DOID:0060472"
"OMIM:619297","DOID:0112383"
"OMIM:610253","DOID:0060352"
"OMIM:226750","DOID:0111668"
"OMIM:610443","DOID:0050880"
"OMIM:245200","DOID:10587"
"OMIM:606693","DOID:0060556"
"OMIM:236792","DOID:0050574"
"OMIM:149730","DOID:0050331"
"OMIM:254780","DOID:3534"
"OMIM:246400","DOID:2571"
"OMIM:604856","DOID:2571"
"OMIM:262500","DOID:9521"
"OMIM:605670","DOID:0060869"
"OMIM:204000","DOID:0110078"
"OMIM:611755","DOID:0110291"
"OMIM:610612","DOID:0110080"
"OMIM:613341","DOID:0110188"
"OMIM:618513","DOID:0081169"
"OMIM:204100","DOID:0110016"
"OMIM:604232","DOID:0110331"
"OMIM:604393","DOID:0110332"
"OMIM:604537","DOID:0110215"
"OMIM:613826","DOID:0110329"
"OMIM:613829","DOID:0110333"
"OMIM:613835","DOID:0110079"
"OMIM:608553","DOID:0110005"
"OMIM:535000","DOID:705"
"OMIM:604169","DOID:0060480"
"OMIM:256000","DOID:3652"
"OMIM:606369","DOID:0050561"
"OMIM:127300","DOID:0060847"
"OMIM:300322","DOID:1919"
"OMIM:261740","DOID:0090101"
"OMIM:116920","DOID:0110910"
"OMIM:612840","DOID:0110912"
"OMIM:127750","DOID:12217"
"OMIM:177200","DOID:0050477"
"OMIM:609016","DOID:0061186"
"OMIM:192500","DOID:0110644"
"OMIM:603830","DOID:0110646"
"OMIM:211980","DOID:1324"
"OMIM:608935","DOID:1324"
"OMIM:612571","DOID:1324"
"OMIM:612593","DOID:1324"
"OMIM:614210","DOID:1324"
"OMIM:222700","DOID:0060439"
"OMIM:109150","DOID:1440"
"OMIM:605309","DOID:0060867"
"OMIM:619290","DOID:0112306"
"OMIM:608520","DOID:1470"
"OMIM:608691","DOID:1470"
"OMIM:248300","DOID:0060862"
"OMIM:616367","DOID:0060365"
"OMIM:246900","DOID:9269"
"OMIM:248600","DOID:9269"
"OMIM:615135","DOID:9269"
"OMIM:154700","DOID:14323"
"OMIM:147430","DOID:0081075"
"OMIM:303350","DOID:0060246"
"OMIM:154800","DOID:350"
"OMIM:248900","DOID:0060245"
"OMIM:125850","DOID:0111099"
"OMIM:125851","DOID:0111100"
"OMIM:600496","DOID:0111102"
"OMIM:606392","DOID:0111103"
"OMIM:174800","DOID:1858"
"OMIM:201450","DOID:0080153"
"OMIM:155255","DOID:0050902"
"OMIM:602541","DOID:0110632"
"OMIM:618273","DOID:0111403"
"OMIM:155310","DOID:0060610"
"OMIM:604004","DOID:0080316"
"OMIM:608516","DOID:1595"
"OMIM:540000","DOID:3687"
"OMIM:305800","DOID:2920"
"OMIM:309400","DOID:1838"
"OMIM:613282","DOID:0080208"
"OMIM:613387","DOID:0080208"
"OMIM:249900","DOID:10581"
"OMIM:250100","DOID:10581"
"OMIM:309541","DOID:0111814"
"OMIM:613646","DOID:0060741"
"OMIM:277400","DOID:0050715"
"OMIM:251000","DOID:0060740"
"OMIM:209920","DOID:5812"
"OMIM:210720","DOID:0060609"
"OMIM:206200","DOID:11252"
"OMIM:206920","DOID:0060861"
"OMIM:251850","DOID:0060775"
"OMIM:247200","DOID:0060469"
"OMIM:124000","DOID:0080111"
"OMIM:609560","DOID:0080120"
"OMIM:251880","DOID:0080121"
"OMIM:612073","DOID:0080124"
"OMIM:271245","DOID:0080126"
"OMIM:251900","DOID:699"
"OMIM:157700","DOID:988"
"OMIM:607829","DOID:988"
"OMIM:610840","DOID:988"
"OMIM:252150","DOID:0111164"
"OMIM:252160","DOID:0111163"
"OMIM:257300","DOID:0080141"
"OMIM:235730","DOID:0060485"
"OMIM:252500","DOID:0080070"
"OMIM:252650","DOID:0080490"
"OMIM:309900","DOID:12799"
"OMIM:252940","DOID:12801"
"OMIM:601492","DOID:0050809"
"OMIM:253220","DOID:12803"
"OMIM:253200","DOID:12800"
"OMIM:272200","DOID:0050441"
"OMIM:602849","DOID:0060703"
"OMIM:158320","DOID:0050465"
"OMIM:253250","DOID:0050436"
"OMIM:166300","DOID:0111534"
"OMIM:131100","DOID:10017"
"OMIM:162300","DOID:10016"
"OMIM:607078","DOID:0070299"
"OMIM:254500","DOID:9538"
"OMIM:612594","DOID:2377"
"OMIM:612595","DOID:2377"
"OMIM:612596","DOID:2377"
"OMIM:158800","DOID:9884"
"OMIM:159050","DOID:9884"
"OMIM:309930","DOID:9884"
"OMIM:309950","DOID:9884"
"OMIM:310000","DOID:9884"
"OMIM:310095","DOID:9884"
"OMIM:600416","DOID:9884"
"OMIM:613155","DOID:0050588"
"OMIM:606612","DOID:0110635"
"OMIM:608840","DOID:0110637"
"OMIM:614286","DOID:0050908"
"OMIM:254450","DOID:4971"
"OMIM:155100","DOID:0060651"
"OMIM:159900","DOID:0090034"
"OMIM:601419","DOID:0080092"
"OMIM:609200","DOID:0080094"
"OMIM:609524","DOID:0080096"
"OMIM:612954","DOID:0080097"
"OMIM:160700","DOID:11830"
"OMIM:255500","DOID:11830"
"OMIM:300613","DOID:11830"
"OMIM:310460","DOID:11830"
"OMIM:603221","DOID:11830"
"OMIM:608367","DOID:11830"
"OMIM:608474","DOID:11830"
"OMIM:608908","DOID:11830"
"OMIM:609256","DOID:11830"
"OMIM:609257","DOID:11830"
"OMIM:609258","DOID:11830"
"OMIM:609259","DOID:11830"
"OMIM:609994","DOID:11830"
"OMIM:609995","DOID:11830"
"OMIM:610320","DOID:11830"
"OMIM:612554","DOID:11830"
"OMIM:612717","DOID:11830"
"OMIM:613959","DOID:11830"
"OMIM:613969","DOID:11830"
"OMIM:614166","DOID:11830"
"OMIM:614167","DOID:11830"
"OMIM:615420","DOID:11830"
"OMIM:615431","DOID:11830"
"OMIM:615946","DOID:11830"
"OMIM:160750","DOID:633"
"OMIM:614160","DOID:0111072"
"OMIM:160900","DOID:11722"
"OMIM:161200","DOID:9467"
"OMIM:302350","DOID:0060599"
"OMIM:600165","DOID:0080634"
"OMIM:609549","DOID:0080634"
"OMIM:611897","DOID:0080634"
"OMIM:615972","DOID:0080634"
"OMIM:161400","DOID:8986"
"OMIM:605841","DOID:8986"
"OMIM:609039","DOID:8986"
"OMIM:612417","DOID:8986"
"OMIM:612851","DOID:8986"
"OMIM:614223","DOID:8986"
"OMIM:614250","DOID:8986"
"OMIM:221770","DOID:0090112"
"OMIM:609284","DOID:0110926"
"OMIM:616165","DOID:0110931"
"OMIM:617336","DOID:0110933"
"OMIM:256030","DOID:0110928"
"OMIM:161800","DOID:0110927"
"OMIM:605355","DOID:0110936"
"OMIM:609273","DOID:0110935"
"OMIM:615348","DOID:0110930"
"OMIM:610199","DOID:0060638"
"OMIM:194070","DOID:2154"
"OMIM:256100","DOID:0111112"
"OMIM:602088","DOID:0111113"
"OMIM:604387","DOID:0111114"
"OMIM:606966","DOID:0111115"
"OMIM:611498","DOID:0111116"
"OMIM:256500","DOID:0050474"
"OMIM:301410","DOID:0080074"
"OMIM:601634","DOID:0080074"
"OMIM:256600","DOID:0110735"
"OMIM:606159","DOID:0110737"
"OMIM:300894","DOID:0110739"
"OMIM:615643","DOID:0110740"
"OMIM:617755","DOID:0070514"
"OMIM:617493","DOID:0112276"
"OMIM:617523","DOID:0080312"
"OMIM:620242","DOID:0081444"
"OMIM:162200","DOID:0111253"
"OMIM:208100","DOID:0090124"
"OMIM:125700","DOID:12388"
"OMIM:256730","DOID:0110721"
"OMIM:610127","DOID:0110725"
"OMIM:204500","DOID:0110726"
"OMIM:204200","DOID:0110731"
"OMIM:256731","DOID:0110728"
"OMIM:601780","DOID:0110729"
"OMIM:610951","DOID:0110722"
"OMIM:600143","DOID:0110723"
"OMIM:267450","DOID:12716"
"OMIM:257220","DOID:0070113"
"OMIM:251260","DOID:7400"
"OMIM:605027","DOID:0060060"
"OMIM:144700","DOID:0050387"
"OMIM:301107","DOID:0060929"
"OMIM:300716","DOID:0050776"
"OMIM:300558","DOID:0112051"
"OMIM:300271","DOID:0112059"
"OMIM:309549","DOID:0112034"
"OMIM:300912","DOID:0112044"
"OMIM:163950","DOID:0060578"
"OMIM:616564","DOID:0060588"
"OMIM:609942","DOID:0060581"
"OMIM:610733","DOID:0060582"
"OMIM:611553","DOID:0060583"
"OMIM:615355","DOID:0060586"
"OMIM:236690","DOID:1572"
"OMIM:310600","DOID:0060844"
"OMIM:245900","DOID:1391"
"OMIM:611126","DOID:0112072"
"OMIM:601665","DOID:9970"
"OMIM:107650","DOID:0050848"
"OMIM:300500","DOID:0050633"
"OMIM:612109","DOID:0060482"
"OMIM:164200","DOID:0060291"
"OMIM:257850","DOID:0060291"
"OMIM:164300","DOID:11719"
"OMIM:613411","DOID:0110713"
"OMIM:603554","DOID:0060010"
"OMIM:164750","DOID:0060327"
"OMIM:137750","DOID:1067"
"OMIM:177700","DOID:1067"
"OMIM:602429","DOID:1067"
"OMIM:603383","DOID:1067"
"OMIM:606689","DOID:1067"
"OMIM:608695","DOID:1067"
"OMIM:608696","DOID:1067"
"OMIM:609745","DOID:1067"
"OMIM:609887","DOID:1067"
"OMIM:610535","DOID:1067"
"OMIM:611274","DOID:1067"
"OMIM:611276","DOID:1067"
"OMIM:613100","DOID:1067"
"OMIM:300000","DOID:0080697"
"OMIM:311250","DOID:9271"
"OMIM:311200","DOID:0060316"
"OMIM:602475","DOID:0060887"
"OMIM:166200","DOID:0110334"
"OMIM:613848","DOID:0110346"
"OMIM:166210","DOID:0110341"
"OMIM:259420","DOID:0110339"
"OMIM:166220","DOID:0110340"
"OMIM:610967","DOID:0110344"
"OMIM:613982","DOID:0110350"
"OMIM:610682","DOID:0110337"
"OMIM:610915","DOID:0110336"
"OMIM:259440","DOID:0110349"
"OMIM:300373","DOID:0060886"
"OMIM:166710","DOID:11476"
"OMIM:259770","DOID:0060849"
"OMIM:259500","DOID:3347"
"OMIM:215150","DOID:0080026"
"OMIM:167000","DOID:2394"
"OMIM:607893","DOID:2394"
"OMIM:608115","DOID:5425"
"OMIM:146510","DOID:9248"
"OMIM:148500","DOID:0111506"
"OMIM:260350","DOID:4905"
"OMIM:167800","DOID:4989"
"OMIM:188550","DOID:3969"
"OMIM:168500","DOID:0060285"
"OMIM:609566","DOID:0060285"
"OMIM:609597","DOID:0060285"
"OMIM:168601","DOID:0060367"
"OMIM:612953","DOID:0060900"
"OMIM:614203","DOID:0060897"
"OMIM:600116","DOID:0060368"
"OMIM:605543","DOID:0060895"
"OMIM:605909","DOID:0060369"
"OMIM:606324","DOID:0060370"
"OMIM:607060","DOID:0060371"
"OMIM:118800","DOID:0090049"
"OMIM:613105","DOID:9822"
"OMIM:607411","DOID:13832"
"OMIM:169150","DOID:0060866"
"OMIM:608970","DOID:0060864"
"OMIM:609136","DOID:0090111"
"OMIM:169400","DOID:9631"
"OMIM:312080","DOID:3210"
"OMIM:169610","DOID:0060851"
"OMIM:274600","DOID:0060744"
"OMIM:300049","DOID:0050454"
"OMIM:608097","DOID:0050454"
"OMIM:608098","DOID:0050454"
"OMIM:612881","DOID:0050454"
"OMIM:615544","DOID:0050454"
"OMIM:267000","DOID:0060476"
"OMIM:606176","DOID:0060639"
"OMIM:264470","DOID:0050797"
"OMIM:233400","DOID:0050857"
"OMIM:614129","DOID:0050857"
"OMIM:615300","DOID:0050857"
"OMIM:168605","DOID:0060486"
"OMIM:265380","DOID:13042"
"OMIM:221900","DOID:0060282"
"OMIM:611308","DOID:0060282"
"OMIM:261550","DOID:0050791"
"OMIM:604229","DOID:0060673"
"OMIM:261540","DOID:0080201"
"OMIM:175200","DOID:3852"
"OMIM:101600","DOID:14705"
"OMIM:612674","DOID:0080181"
"OMIM:606232","DOID:0080354"
"OMIM:261600","DOID:9281"
"OMIM:171300","DOID:0050771"
"OMIM:172700","DOID:11870"
"OMIM:172800","DOID:3263"
"OMIM:602342","DOID:0081362"
"OMIM:609049","DOID:0060852"
"OMIM:600510","DOID:0060680"
"OMIM:610954","DOID:0060488"
"OMIM:173200","DOID:9212"
"OMIM:185050","DOID:2223"
"OMIM:608404","DOID:0111046"
"OMIM:187800","DOID:0060691"
"OMIM:609821","DOID:0060692"
"OMIM:173900","DOID:0110858"
"OMIM:613095","DOID:0110859"
"OMIM:263200","DOID:0080212"
"OMIM:184700","DOID:11612"
"OMIM:263300","DOID:8997"
"OMIM:174200","DOID:1148"
"OMIM:174700","DOID:1148"
"OMIM:603596","DOID:1148"
"OMIM:615803","DOID:0060279"
"OMIM:619301","DOID:0112325"
"OMIM:119500","DOID:0060055"
"OMIM:263650","DOID:0060055"
"OMIM:610883","DOID:0060853"
"OMIM:176270","DOID:11983"
"OMIM:189800","DOID:10591"
"OMIM:609402","DOID:10591"
"OMIM:609403","DOID:10591"
"OMIM:609404","DOID:10591"
"OMIM:614592","DOID:10591"
"OMIM:604317","DOID:0070293"
"OMIM:244400","DOID:0110594"
"OMIM:612518","DOID:0110612"
"OMIM:613807","DOID:0110598"
"OMIM:614935","DOID:0110608"
"OMIM:606763","DOID:0110626"
"OMIM:615294","DOID:0110596"
"OMIM:615444","DOID:0110597"
"OMIM:615451","DOID:0110609"
"OMIM:615482","DOID:0110615"
"OMIM:608644","DOID:0110599"
"OMIM:616037","DOID:0110624"
"OMIM:616726","DOID:0110619"
"OMIM:617092","DOID:0110620"
"OMIM:611884","DOID:0110605"
"OMIM:612016","DOID:0070241"
"OMIM:605635","DOID:446"
"OMIM:613677","DOID:446"
"OMIM:259900","DOID:0111670"
"OMIM:260000","DOID:0111671"
"OMIM:600166","DOID:11202"
"OMIM:242850","DOID:612"
"OMIM:137760","DOID:1070"
"OMIM:616947","DOID:0080869"
"OMIM:617442","DOID:0080870"
"OMIM:618723","DOID:0080873"
"OMIM:619245","DOID:0112278"
"OMIM:178600","DOID:14557"
"OMIM:265400","DOID:14557"
"OMIM:615342","DOID:14557"
"OMIM:615343","DOID:14557"
"OMIM:615344","DOID:14557"
"OMIM:613806","DOID:0060643"
"OMIM:176670","DOID:3911"
"OMIM:113900","DOID:0111074"
"OMIM:310370","DOID:891"
"OMIM:612437","DOID:0111448"
"OMIM:208230","DOID:0090004"
"OMIM:225790","DOID:0111666"
"OMIM:606054","DOID:14701"
"OMIM:176807","DOID:10283"
"OMIM:300147","DOID:10283"
"OMIM:300704","DOID:10283"
"OMIM:601518","DOID:10283"
"OMIM:602759","DOID:10283"
"OMIM:608656","DOID:10283"
"OMIM:608658","DOID:10283"
"OMIM:609299","DOID:10283"
"OMIM:609558","DOID:10283"
"OMIM:610321","DOID:10283"
"OMIM:610997","DOID:10283"
"OMIM:611100","DOID:10283"
"OMIM:611868","DOID:10283"
"OMIM:611928","DOID:10283"
"OMIM:611955","DOID:10283"
"OMIM:611958","DOID:10283"
"OMIM:611959","DOID:10283"
"OMIM:176920","DOID:13482"
"OMIM:177170","DOID:0080047"
"OMIM:103580","DOID:0080053"
"OMIM:612463","DOID:4183"
"OMIM:177850","DOID:2738"
"OMIM:264800","DOID:2738"
"OMIM:602723","DOID:0080475"
"OMIM:265120","DOID:12120"
"OMIM:300770","DOID:12120"
"OMIM:610913","DOID:12120"
"OMIM:610921","DOID:12120"
"OMIM:614370","DOID:12120"
"OMIM:130700","DOID:9675"
"OMIM:613179","DOID:5813"
"OMIM:226600","DOID:0060642"
"OMIM:266500","DOID:10582"
"OMIM:300854","DOID:4450"
"OMIM:120330","DOID:0090006"
"OMIM:248250","DOID:0060880"
"OMIM:267200","DOID:14219"
"OMIM:309500","DOID:0060179"
"OMIM:115210","DOID:397"
"OMIM:268000","DOID:10584"
"OMIM:180100","DOID:0110390"
"OMIM:600138","DOID:0110408"
"OMIM:600105","DOID:0110358"
"OMIM:600059","DOID:0110403"
"OMIM:600132","DOID:0110381"
"OMIM:601414","DOID:0110356"
"OMIM:601718","DOID:0110354"
"OMIM:312600","DOID:0110415"
"OMIM:613794","DOID:0110353"
"OMIM:608380","DOID:0110368"
"OMIM:606068","DOID:0110365"
"OMIM:300029","DOID:0110414"
"OMIM:607921","DOID:0110406"
"OMIM:613731","DOID:0110372"
"OMIM:613801","DOID:0110375"
"OMIM:612095","DOID:0110376"
"OMIM:613756","DOID:0110377"
"OMIM:613428","DOID:0110364"
"OMIM:613581","DOID:0110371"
"OMIM:613861","DOID:0110352"
"OMIM:608133","DOID:0110383"
"OMIM:617304","DOID:0080350"
"OMIM:615434","DOID:0110419"
"OMIM:180200","DOID:768"
"OMIM:312750","DOID:1206"
"OMIM:613454","DOID:1206"
"OMIM:180300","DOID:7148"
"OMIM:215100","DOID:0110851"
"OMIM:222765","DOID:0110852"
"OMIM:600121","DOID:0110853"
"OMIM:611943","DOID:0090113"
"OMIM:208530","DOID:0060856"
"OMIM:602771","DOID:0110633"
"OMIM:223900","DOID:11589"
"OMIM:606072","DOID:0060255"
"OMIM:268400","DOID:2732"
"OMIM:180849","DOID:1933"
"OMIM:610543","DOID:1933"
"OMIM:613684","DOID:1933"
"OMIM:101400","DOID:14768"
"OMIM:180750","DOID:14768"
"OMIM:268800","DOID:3323"
"OMIM:268900","DOID:0112307"
"OMIM:181270","DOID:0111550"
"OMIM:300695","DOID:0060253"
"OMIM:181440","DOID:13300"
"OMIM:242900","DOID:0060490"
"OMIM:181500","DOID:5419"
"OMIM:604906","DOID:0070085"
"OMIM:156500","DOID:0080021"
"OMIM:269250","DOID:0050775"
"OMIM:121800","DOID:0060456"
"OMIM:255800","DOID:0090005"
"OMIM:106700","DOID:4297"
"OMIM:181700","DOID:0060252"
"OMIM:269500","DOID:0060756"
"OMIM:614305","DOID:0060757"
"OMIM:266900","DOID:0050576"
"OMIM:606995","DOID:0050576"
"OMIM:606996","DOID:0050576"
"OMIM:609254","DOID:0050576"
"OMIM:610189","DOID:0050576"
"OMIM:613615","DOID:0050576"
"OMIM:182230","DOID:0060857"
"OMIM:608971","DOID:0090014"
"OMIM:601457","DOID:0090013"
"OMIM:602450","DOID:0090012"
"OMIM:201470","DOID:0080154"
"OMIM:609620","DOID:0050793"
"OMIM:609621","DOID:0050793"
"OMIM:609622","DOID:0050793"
"OMIM:614091","DOID:0110090"
"OMIM:266920","DOID:0110097"
"OMIM:269880","DOID:0111454"
"OMIM:260400","DOID:0060479"
"OMIM:269921","DOID:3659"
"OMIM:604369","DOID:3659"
"OMIM:163800","DOID:13884"
"OMIM:608567","DOID:13884"
"OMIM:224410","DOID:0090032"
"OMIM:180860","DOID:14681"
"OMIM:312870","DOID:0060248"
"OMIM:270150","DOID:12894"
"OMIM:608035","DOID:8923"
"OMIM:612263","DOID:8923"
"OMIM:270400","DOID:14692"
"OMIM:182290","DOID:0060768"
"OMIM:615222","DOID:0081271"
"OMIM:136900","DOID:0090114"
"OMIM:239100","DOID:0080036"
"OMIM:614753","DOID:0112102"
"OMIM:616657","DOID:0070537"
"OMIM:617592","DOID:0070170"
"OMIM:617593","DOID:0070166"
"OMIM:617959","DOID:0111929"
"OMIM:618112","DOID:0111922"
"OMIM:618643","DOID:0111926"
"OMIM:618664","DOID:0111918"
"OMIM:619095","DOID:0112164"
"OMIM:619102","DOID:0112175"
"OMIM:164400","DOID:0050954"
"OMIM:603516","DOID:0050960"
"OMIM:605361","DOID:0050964"
"OMIM:607136","DOID:0050967"
"OMIM:183090","DOID:0050955"
"OMIM:193003","DOID:0050976"
"OMIM:610246","DOID:0050977"
"OMIM:600224","DOID:0050882"
"OMIM:183086","DOID:0050956"
"OMIM:164500","DOID:0050958"
"OMIM:607250","DOID:0090115"
"OMIM:183600","DOID:0090021"
"OMIM:272460","DOID:0090116"
"OMIM:612847","DOID:0050812"
"OMIM:183900","DOID:14789"
"OMIM:248200","DOID:0050817"
"OMIM:600110","DOID:0050817"
"OMIM:603786","DOID:0050817"
"OMIM:228100","DOID:9452"
"OMIM:184850","DOID:13366"
"OMIM:615934","DOID:0111457"
"OMIM:613659","DOID:10534"
"OMIM:185070","DOID:0060354"
"OMIM:600348","DOID:0111169"
"OMIM:272120","DOID:9007"
"OMIM:185500","DOID:1929"
"OMIM:300166","DOID:0111809"
"OMIM:300986","DOID:0070538"
"OMIM:304340","DOID:0060800"
"OMIM:300534","DOID:0060809"
"OMIM:300260","DOID:0060799"
"OMIM:300799","DOID:0060824"
"OMIM:300263","DOID:0060812"
"OMIM:186000","DOID:0060242"
"OMIM:608180","DOID:0060242"
"OMIM:610234","DOID:0060242"
"OMIM:152700","DOID:9074"
"OMIM:300809","DOID:9074"
"OMIM:605480","DOID:9074"
"OMIM:608437","DOID:9074"
"OMIM:609903","DOID:9074"
"OMIM:609939","DOID:9074"
"OMIM:610065","DOID:9074"
"OMIM:610066","DOID:9074"
"OMIM:612254","DOID:9074"
"OMIM:612378","DOID:9074"
"OMIM:613145","DOID:9074"
"OMIM:614420","DOID:9074"
"OMIM:212140","DOID:14365"
"OMIM:181750","DOID:418"
"OMIM:205400","DOID:1388"
"OMIM:615879","DOID:0112339"
"OMIM:272800","DOID:3320"
"OMIM:601705","DOID:0060769"
"OMIM:145420","DOID:0080698"
"OMIM:187500","DOID:6419"
"OMIM:187600","DOID:13481"
"OMIM:187601","DOID:13481"
"OMIM:273680","DOID:13481"
"OMIM:249270","DOID:0090117"
"OMIM:188000","DOID:1588"
"OMIM:273900","DOID:1588"
"OMIM:300367","DOID:1588"
"OMIM:313900","DOID:1588"
"OMIM:612004","DOID:1588"
"OMIM:188570","DOID:11633"
"OMIM:274300","DOID:11633"
"OMIM:600334","DOID:0111078"
"OMIM:103500","DOID:0090002"
"OMIM:601005","DOID:0060173"
"OMIM:142680","DOID:0090018"
"OMIM:106600","DOID:0050591"
"OMIM:150400","DOID:0050591"
"OMIM:313500","DOID:0050591"
"OMIM:602639","DOID:0050591"
"OMIM:604625","DOID:0050591"
"OMIM:610926","DOID:0050591"
"OMIM:128100","DOID:0060730"
"OMIM:602629","DOID:0090039"
"OMIM:107480","DOID:0050887"
"OMIM:105210","DOID:0050638"
"OMIM:190350","DOID:14743"
"OMIM:613229","DOID:0050587"
"OMIM:605067","DOID:0080169"
"OMIM:190400","DOID:12098"
"OMIM:615512","DOID:0050884"
"OMIM:275900","DOID:0050886"
"OMIM:160565","DOID:0080089"
"OMIM:615883","DOID:0080686"
"OMIM:222100","DOID:9744"
"OMIM:125852","DOID:0110741"
"OMIM:600321","DOID:0110746"
"OMIM:125853","DOID:9352"
"OMIM:601283","DOID:9352"
"OMIM:601407","DOID:9352"
"OMIM:603694","DOID:9352"
"OMIM:608036","DOID:9352"
"OMIM:169500","DOID:0060785"
"OMIM:276700","DOID:0050726"
"OMIM:276710","DOID:0050727"
"OMIM:181450","DOID:0060614"
"OMIM:109800","DOID:11054"
"OMIM:236730","DOID:0050816"
"OMIM:615112","DOID:0050816"
"OMIM:276900","DOID:0110826"
"OMIM:276904","DOID:0110830"
"OMIM:601067","DOID:0110831"
"OMIM:602083","DOID:0110832"
"OMIM:606943","DOID:0110834"
"OMIM:276901","DOID:0110838"
"OMIM:605472","DOID:0110839"
"OMIM:611383","DOID:0110840"
"OMIM:276902","DOID:0110841"
"OMIM:150699","DOID:13223"
"OMIM:155720","DOID:6039"
"OMIM:606660","DOID:6039"
"OMIM:606661","DOID:6039"
"OMIM:192350","DOID:14679"
"OMIM:276950","DOID:14679"
"OMIM:119300","DOID:0060239"
"OMIM:606713","DOID:0060239"
"OMIM:176200","DOID:4346"
"OMIM:130050","DOID:14756"
"OMIM:192430","DOID:12583"
"OMIM:201475","DOID:0080155"
"OMIM:193000","DOID:9620"
"OMIM:314550","DOID:9620"
"OMIM:610878","DOID:9620"
"OMIM:613674","DOID:9620"
"OMIM:614317","DOID:9620"
"OMIM:614318","DOID:9620"
"OMIM:614319","DOID:9620"
"OMIM:614674","DOID:9620"
"OMIM:615390","DOID:9620"
"OMIM:615963","DOID:9620"
"OMIM:101000","DOID:0111252"
"OMIM:153700","DOID:0050661"
"OMIM:153840","DOID:0050661"
"OMIM:608161","DOID:0050661"
"OMIM:616151","DOID:0050661"
"OMIM:616152","DOID:0050661"
"OMIM:193300","DOID:14175"
"OMIM:613554","DOID:0060574"
"OMIM:193500","DOID:0110948"
"OMIM:193510","DOID:0110950"
"OMIM:277580","DOID:0110953"
"OMIM:613265","DOID:0110954"
"OMIM:613266","DOID:0110955"
"OMIM:614222","DOID:0110718"
"OMIM:615663","DOID:0110719"
"OMIM:277590","DOID:14731"
"OMIM:277600","DOID:0050475"
"OMIM:608328","DOID:0050475"
"OMIM:613195","DOID:0050475"
"OMIM:614819","DOID:0050475"
"OMIM:261800","DOID:4258"
"OMIM:253300","DOID:13137"
"OMIM:277700","DOID:5688"
"OMIM:193670","DOID:0060591"
"OMIM:194050","DOID:1928"
"OMIM:277900","DOID:893"
"OMIM:301000","DOID:9169"
"OMIM:226980","DOID:0090060"
"OMIM:194200","DOID:384"
"OMIM:194190","DOID:0050460"
"OMIM:222300","DOID:0110629"
"OMIM:620151","DOID:14497"
"OMIM:603592","DOID:0070453"
"OMIM:278700","DOID:0110843"
"OMIM:610651","DOID:0110850"
"OMIM:278720","DOID:0110844"
"OMIM:278730","DOID:0110845"
"OMIM:278740","DOID:0110846"
"OMIM:278760","DOID:0110848"
"OMIM:278780","DOID:0110849"
"OMIM:278750","DOID:0110847"
"OMIM:610965","DOID:0060590"
"OMIM:615829","DOID:0070055"
"OMIM:300200","DOID:0080156"
"OMIM:300755","DOID:14179"
"OMIM:301050","DOID:0110034"
"OMIM:302950","DOID:0060292"
"OMIM:303400","DOID:0060613"
"OMIM:304020","DOID:0111008"
"OMIM:300066","DOID:0111735"
"OMIM:302045","DOID:0110461"
"OMIM:300489","DOID:0111196"
"OMIM:307800","DOID:0050445"
"OMIM:300957","DOID:0112056"
"OMIM:312700","DOID:0060763"
"OMIM:308240","DOID:0060705"
"OMIM:304800","DOID:0081060"
"OMIM:216340","DOID:0060589"
"OMIM:619648","DOID:0070473"
"OMIM:617140","DOID:0060953"
